time,Power,Oxygen,Cadence,HR,RF
1,0,654.6,0,66.4,24.7
2,0,642,0,66.1666666666667,24.25
3,0,631.619047619048,0,66,23.8809523809524
4,0,622.625,0,65.875,23.5625
5,0,614.555555555556,0,65.7777777777778,23.2777777777778
6,0,611.233333333333,0,65.7333333333333,23.0833333333333
7,0,608.2,0,65.7,23.25
8,0,607.1,0,65.6666666666667,23.15
9,0,602.775,0,65.6,22.575
10,0,595.225,0,65.5,21.525
11,0,590.65,0,65.5,20.65
12,0,589.05,0,65.6,19.95
13,0,589.316666666667,0,65.6666666666667,19.4833333333333
14,0,591.45,0,65.7,19.25
15,0,595.45,0,65.7,19.25
16,0,590.516666666667,0,65.6333333333333,19.1166666666667
17,0,576.65,0,65.5,18.85
18,0,553.85,0,65.3,18.45
19,0,568.975,0,65.1,19.025
20,0,622.025,0,64.9,20.575
21,0,663.575,0,64.725,21.825
22,0,693.625,0,64.575,22.775
23,0,709.25,0,64.4833333333333,23.05
24,0,710.45,0,64.45,22.65
25,0,714.816666666667,0,64.45,22.15
26,0,729.05,0,64.4833333333333,21.85
27,0,753.15,0,64.55,21.75
28,0,785.516666666667,0,64.5833333333333,21.7833333333333
29,0,784.45,0,64.55,21.05
30,0,749.95,0,64.45,19.55
31,0,725.375,0,64.2916666666667,18.6583333333333
32,0,710.725,0,64.075,18.375
33,0,706,0,63.8,18.7
34,0,715.166666666667,0,63.4666666666667,19.4
35,0,720.633333333333,0,63.1,19.9
36,0,722.4,0,62.7,20.2
37,0,719.7,0,62.35,20.6
38,0,714.133333333333,0,62.1166666666667,21.1666666666667
39,0,707.6,0,61.9833333333333,21.6666666666667
40,0,700.1,0,61.95,22.1
41,0,697.7,0,61.9833333333333,22.3666666666667
42,0,701.75,0,62.05,22.45
43,0,712.25,0,62.15,22.35
44,0,720.95,0,62.3166666666667,22.45
45,0,727.85,0,62.55,22.75
46,0,732.95,0,62.85,23.25
47,0,737.15,0,63.1,23.65
48,0,740.45,0,63.3,23.95
49,0,742.65,0,63.4666666666667,24.15
50,0,743.75,0,63.6,24.25
51,0,743.75,0,63.7,24.25
52,0,742.75,0,63.85,24.45
53,0,740.75,0,64.05,24.85
54,2.5,741.258333333333,2.25,64.2916666666667,24.925
55,7.5,744.275,6.75,64.575,24.675
56,15,749.8,13.5,64.9,24.1
57,25,757.7,22.5,65.3,23.2
58,35,746.2,31.5,65.8,22.2666666666667
59,45,713.6,40.5,66.4,21.5333333333333
60,55,659.9,49.5,67.1,21
61,65,635.8,58.5,67.85,21.05
62,75,639.85,67.5,68.6,21.4
63,85,603.25,76.5,69.6,22.6
64,92.5,608.525,83.25,70.575,23.675
65,97.5,655.675,87.75,71.525,24.625
66,100,703.183333333333,90,72.8,25.6
67,100,751.05,90,74.4,26.6
68,100,821.05,90,76.3,27.3333333333333
69,100,917.35,90,78.3,28
70,100,1039.95,90,80.4,28.6
71,100,1135.38333333333,90,82.6833333333333,28.5166666666667
72,100,1203.65,90,85.15,27.75
73,100,1313.55,90,87.55,25.75
74,100,1375.76666666667,90,90.1,24.3666666666667
75,100,1390.3,90,92.8,23.6
76,100,1398.66666666667,90,95.3,23.3
77,100,1411.15,90,97.55,23.1
78,100,1427.75,90,99.55,23
79,100,1434.15,90,101.45,23
80,100,1430.35,90,103.25,23.1
81,100,1419.11666666667,90,104.916666666667,23.5333333333333
82,100,1387.15,90,106.4,24.05
83,100,1334.45,90,107.7,24.65
84,100,1337.78333333333,90,108.8,25.1833333333333
85,100,1397.15,90,109.7,25.65
86,100,1435.4,90,110.3,25.9
87,100,1442.25,90,110.65,26.3
88,100,1468.91666666667,90,110.883333333333,26.5666666666667
89,100,1525.55,90,111.05,26.5
90,100,1612.15,90,111.15,26.1
91,100,1698.58333333333,90,111.116666666667,25.6333333333333
92,100,1798.15,90,111,25.35
93,100,1910.85,90,110.8,25.25
94,100,1967.31666666667,90,110.6,24.75
95,100,1967.55,90,110.4,23.85
96,100,1988.7,90,110.3,22.7
97,100,2042.2,90,110.25,21.9
98,100,2076.83333333333,90,110.116666666667,21.7333333333333
99,100,2094.16666666667,90,109.95,21.7666666666667
100,100,2094.2,90,109.75,22
101,100,2107.06666666667,90,109.583333333333,22.1666666666667
102,100,2133.75,90,109.45,22.3
103,100,2174.25,90,109.35,22.4
104,100,2202.81666666667,90,109.25,22.5333333333333
105,100,2219.45,90,109.15,22.7
106,100,2224.15,90,109.05,22.9
107,100,2237.25,90,109.033333333333,22.8
108,100,2258.75,90,109.1,22.4
109,100,2287.08333333333,90,109.2,22.1333333333333
110,100,2321.51666666667,90,109.333333333333,21.9666666666667
111,100,2362.05,90,109.5,21.9
112,100,2407.7,90,109.7,21.9
113,100,2429.55,90,109.9,21.9
114,100,2453.51666666667,90,110.1,22.0666666666667
115,100,2488.91666666667,90,110.3,22.3
116,100,2535.75,90,110.5,22.6
117,100,2562.25,90,110.666666666667,22.7
118,100,2580.48333333333,90,110.8,22.7666666666667
119,100,2590.45,90,110.9,22.8
120,100,2592.88333333333,90,110.966666666667,22.8333333333333
121,100,2582.35,90,111.05,22.85
122,100,2558.85,90,111.15,22.85
123,100,2549.06666666667,90,111.283333333333,22.8166666666667
124,100,2553,90,111.45,22.75
125,100,2561.33333333333,90,111.65,22.75
126,100,2565.7,90,111.9,22.85
127,100,2566.1,90,112.2,23.05
128,100,2559.7,90,112.533333333333,23.2166666666667
129,100,2546.5,90,112.9,23.35
130,100,2526.5,90,113.3,23.45
131,100,2501.3,90,113.7,23.7
132,100,2470.9,90,114.1,24.1
133,100,2446.18333333333,90,114.416666666667,24.4333333333333
134,100,2427.15,90,114.65,24.7
135,100,2411.28333333333,90,114.85,24.9333333333333
136,100,2406.95,90,115,25.1
137,100,2414.15,90,115.1,25.2
138,100,2426.66666666667,90,115.116666666667,25.4166666666667
139,100,2444.5,90,115.05,25.75
140,100,2460.73333333333,90,114.916666666667,25.9833333333333
141,100,2479.2,90,114.7,25.95
142,100,2499.9,90,114.4,25.65
143,100,2517.325,90,114.125,25.2
144,100,2531.475,90,113.875,24.6
145,100,2544.86666666667,90,113.6,23.8166666666667
146,100,2557.5,90,113.3,22.85
147,100,2541.25,90,112.95,22.35
148,100,2493.1,90,112.6,22.1
149,100,2439.55,90,112.25,21.9
150,100,2387.51666666667,90,111.883333333333,21.9666666666667
151,100,2348.51666666667,90,111.516666666667,21.8666666666667
152,100,2322.55,90,111.15,21.6
153,100,2306.475,90,110.775,21.35
154,100,2286.85833333333,90,110.491666666667,21.4833333333333
155,100,2263.7,90,110.3,22
156,100,2237,90,110.2,22.9
157,100,2239.65,90,110.15,23.75
158,100,2271.65,90,110.15,24.55
159,100,2310.7,90,110.1,25.1
160,100,2356.8,90,110,25.4
161,100,2358.43333333333,90,109.883333333333,26.0333333333333
162,100,2315.6,90,109.75,27
163,100,2274.6,90,109.6,28.3
164,100,2248.86666666667,90,109.333333333333,29.5666666666667
165,100,2236.3,90,109,30.2
166,100,2236.9,90,108.6,30.2
167,100,2225.25,90,108.25,30
168,100,2201.35,90,107.95,29.6
169,100,2175.81666666667,90,107.85,29.25
170,100,2148.65,90,107.95,28.95
171,100,2159.85,90,108.2,28.55
172,100,2198.8,90,108.5,28.1
173,100,2219.2,90,108.85,27.6
174,100,2208.95,90,109.25,27.05
175,100,2170.15,90,109.65,27.05
176,100,2133.7,90,110.05,27.45
177,100,2120.25,90,110.4,27.6
178,100,2129.35,90,110.7,27.6
179,100,2146.18333333333,90,110.9,27.6
180,100,2150.71666666667,90,111,27.5333333333333
181,100,2142.95,90,111,27.4
182,100,2133.5,90,111,27.15
183,100,2139.9,90,111,27.55
184,100,2125,90,111,28.15
185,100,2088.8,90,111,28.95
186,100,2096.7,90,110.95,29.3
187,100,2148.7,90,110.85,29.2
188,100,2177.3,90,110.716666666667,28.9666666666667
189,100,2182.5,90,110.55,28.6
190,100,2184.33333333333,90,110.35,28.1666666666667
191,100,2194.16666666667,90,110.183333333333,27.7
192,100,2212,90,110.05,27.2
193,100,2220.3,90,109.95,25.9
194,100,2259.85,90,109.816666666667,24.3833333333333
195,100,2330.65,90,109.65,22.65
196,100,2336.4,90,109.5,21.5
197,100,2281.65,90,109.375,20.775
198,100,2234.35,90,109.258333333333,20.0583333333333
199,100,2194.5,90,109.15,19.35
200,100,2162.1,90,109.05,18.65
201,100,2131.9,90,108.883333333333,18.2166666666667
202,100,2103.9,90,108.65,18.05
203,100,2078.1,90,108.35,18.15
204,100,2071.76666666667,90,108.116666666667,18.35
205,100,2084.9,90,107.95,18.65
206,100,2117.5,90,107.85,19.05
207,100,2150.35,90,107.825,19.475
208,100,2183.45,90,107.875,19.925
209,100,2220.96666666667,90,108.016666666667,20.5666666666667
210,100,2262.9,90,108.25,21.4
211,100,2303.13333333333,90,108.583333333333,22.1333333333333
212,100,2333.55,90,109,22.7
213,100,2354.15,90,109.5,23.1
214,100,2358.95,90,110,23.3333333333333
215,100,2347.95,90,110.5,23.4
216,100,2321.15,90,111,23.3
217,100,2301.61666666667,90,111.483333333333,23.3
218,100,2289.35,90,111.95,23.4
219,100,2280.18333333333,90,112.383333333333,23.4333333333333
220,100,2267.4,90,112.7,23.4
221,100,2251,90,112.9,23.3
222,100,2237.5,90,113,23.6
223,100,2226.9,90,113,24.3
224,100,2208.03333333333,90,112.916666666667,25.1333333333333
225,100,2180.9,90,112.75,26.1
226,100,2184.25,90,112.5,26.9
227,100,2209.68333333333,90,112.166666666667,27.5
228,100,2216.95,90,111.8,28.1
229,100,2206.05,90,111.4,28.7
230,100,2197.56666666667,90,111.016666666667,29.1
231,100,2191.5,90,110.65,29.3
232,100,2189.45,90,110.3,28.9
233,100,2196,90,110.05,28.35
234,100,2219.5,90,109.9,27.95
235,100,2251.35,90,109.85,27.35
236,100,2252.8,90,109.9,26.85
237,100,2240.15,90,110,26.75
238,100,2253.65,90,110.1,26.85
239,100,2273.05,90,110.25,27
240,100,2284.48333333333,90,110.483333333333,27.4
241,100,2281.98333333333,90,110.75,27.8333333333333
242,100,2265.55,90,111.05,28.3
243,100,2230.6,90,111.3,28.35
244,100,2208.85,90,111.5,28.1
245,100,2208.9,90,111.65,27.9
246,100,2194.95,90,111.75,27.8
247,100,2150.7,90,111.85,27.5
248,100,2117.55,90,111.95,27.3
249,100,2115.75,90,112,27.35
250,100,2118.5,90,111.95,27.35
251,100,2131.76666666667,90,111.85,27.5166666666667
252,100,2153.95,90,111.8,27.8
253,100,2185.05,90,111.8,28.2
254,100,2200.25,90,111.8,28.6
255,100,2199.55,90,111.8,29
256,100,2211.7,90,111.75,29.45
257,100,2236.7,90,111.65,29.95
258,100,2243.38333333333,90,111.583333333333,30.05
259,100,2231.75,90,111.55,29.75
260,100,2228.6,90,111.6,29.35
261,100,2225.85,90,111.75,28.9
262,100,2225.1,90,111.9,28.45
263,100,2222.75,90,112.05,28.25
264,100,2211.9,90,112.25,28.3
265,100,2201.2,90,112.5,28.45
266,100,2197.7,90,112.85,28.6
267,100,2195.75,90,113.3,28.75
268,100,2185.11666666667,90,113.766666666667,29.05
269,100,2171.8,90,114.2,29.45
270,100,2155.8,90,114.6,29.95
271,100,2145.35,90,114.95,30.4
272,100,2140.45,90,115.25,30.8
273,100,2156.5,90,115.6,31.1
274,100,2174.96666666667,90,115.9,31.0333333333333
275,100,2187.2,90,116.15,30.75
276,100,2193.2,90,116.35,30.25
277,100,2208.65,90,116.55,29.8
278,100,2233.55,90,116.75,29.4
279,100,2255.8,90,117,29.2
280,100,2275.4,90,117.3,29.2
281,100,2282.05,90,117.65,29.25
282,100,2275.75,90,118.05,29.35
283,100,2257.35,90,118.4,29.4
284,100,2245.38333333333,90,118.8,29.6666666666667
285,100,2218.75,90,119.2,30.2
286,100,2208.5,90,119.65,30.8
287,100,2204.6,90,120.1,31.2
288,100,2193.85,90,120.45,31.7
289,100,2182.35,90,120.7,32.2
290,100,2173.7,90,120.95,32.4
291,100,2178.05,90,121.2,32.55
292,100,2190.1,90,121.4,32.6
293,100,2197.2,90,121.55,32.45
294,100,2204.85,90,121.65,32.6
295,100,2234.15,90,121.75,33
296,122.1,2241.7,90,121.9,33.4
297,144.2,2230.55,90,122.05,33.6
298,166.3,2213.9,90,122.3,33.3
299,188.4,2206.7,90,122.65,32.9
300,210.5,2205.35,90,123,32.7
301,232.6,2202.6,90,123.35,32.55
302,254.7,2203.75,90,123.75,32.5
303,276.8,2212.3,90,124.15,32.75
304,298.9,2222.75,90,124.55,32.8
305,321,2237.25,90,125.05,32.45
306,321,2268.15,90,125.55,32.15
307,321,2311,90,126.05,32
308,321,2365.8,90,126.55,32
309,321,2396.1,90,127,32.5
310,321,2427.35,90,127.45,32.95
311,321,2466.8,90,127.9,33.5
312,321,2499.63333333333,90,128.366666666667,33.5333333333333
313,321,2522.35,90,128.9,32.85
314,321,2534.95,90,129.5,31.45
315,321,2538.45,90,130.2,32.4
316,321,2521.15,90,130.9,33.2
317,321,2484.45,90,131.65,33.95
318,321,2507.15,90,132.45,34.55
319,321,2554.75,90,133.35,34.2833333333333
320,321,2601.8,90,134.3,33.7
321,321,2648.3,90,135.3,32.8
322,321,2690.51666666667,90,136.333333333333,32.3666666666667
323,321,2728.45,90,137.4,32.4
324,321,2771.48333333333,90,138.533333333333,32.9
325,321,2816.45,90,139.6,31
326,321,2875.05,90,140.7,29.2
327,321,2976.4,90,141.7,27.65
328,321,3041.7,90,142.6,26.45
329,321,3103.86666666667,90,143.4,25.4833333333333
330,321,3162.9,90,144.1,24.75
331,321,3218.8,90,144.7,24.25
332,321,3285.8,90,145.15,24
333,321,3363.9,90,145.45,24
334,321,3441.36666666667,90,145.566666666667,24.1
335,321,3518.2,90,145.5,24.3
336,321,3598.05,90,145.3,24.75
337,321,3651.8,90,145.1,25.3
338,321,3698.3,90,144.85,25.75
339,321,3760.63333333333,90,144.55,26.1833333333333
340,321,3811.66666666667,90,144.25,26.65
341,321,3851.4,90,143.95,27.15
342,321,3884.15,90,143.7,27.5
343,321,3914.7,90,143.45,27.65
344,321,3945.4,90,143.2,27.75
345,321,3976.6,90,143,27.8
346,321,4004.65,90,142.8,27.65
347,321,4038.75,90,142.65,27.35
348,321,4060.05,90,142.6,27.1
349,321,4036.58333333333,90,142.6,26.8333333333333
350,321,3995.48333333333,90,142.6,26.5
351,321,3936.75,90,142.6,26.1
352,321,3914.25,90,142.6,25.75
353,321,3923.2,90,142.65,25.5
354,321,3928.3,90,142.783333333333,25.4
355,321,3929.2,90,142.95,25.45
356,321,3925.9,90,143.15,25.65
357,321,3918.2,90,143.3,25.7
358,321,3906.1,90,143.4,25.6
359,321,3910.96666666667,90,143.45,25.6666666666667
360,321,3932.8,90,143.45,25.9
361,321,3980.66666666667,90,143.45,26.1333333333333
362,321,4000.7,90,143.45,26.25
363,321,3992.9,90,143.45,26.25
364,321,3991.35,90,143.416666666667,26.2
365,321,3996.05,90,143.35,26.1
366,321,3997.6,90,143.2,25.9
367,321,3987,90,143,25.85
368,321,3977.43333333333,90,142.8,25.85
369,321,3979.5,90,142.65,25.65
370,321,3993.2,90,142.55,25.25
371,321,4000.78333333333,90,142.45,25.0666666666667
372,321,4002.25,90,142.35,25.1
373,321,4008.3,90,142.3,25.15
374,321,4020.15,90,142.3,25.1
375,321,4034.41666666667,90,142.333333333333,25.1
376,321,4060.5,90,142.45,25.2
377,321,4098.4,90,142.65,25.4
378,321,4135.16666666667,90,142.85,25.75
379,321,4170.8,90,143.05,26.25
380,321,4193.65,90,143.3,26.75
381,321,4212.4,90,143.6,27
382,321,4223.8,90,143.9,26.9
383,321,4217.15,90,144.15,26.65
384,321,4209.95,90,144.383333333333,26.6166666666667
385,321,4205.58333333333,90,144.616666666667,26.65
386,321,4204.05,90,144.85,26.75
387,321,4201.3,90,145.1,26.8
388,321,4197.1,90,145.4,26.85
389,321,4191.1,90,145.7,26.9
390,321,4194.95,90,145.95,27.1
391,321,4201.9,90,146.15,27.35
392,321,4215.2,90,146.35,27.75
393,321,4237.35,90,146.55,28.3
394,321,4250.85,90,146.716666666667,28.6333333333333
395,321,4256,90,146.85,28.9
396,321,4252.8,90,146.95,29.1
397,321,4250.05,90,147.05,29.2
398,321,4247.75,90,147.15,29.2
399,321,4247,90,147.2,29.2
400,321,4247.8,90,147.2,29.2
401,321,4254.1,90,147.25,29.25
402,321,4265.9,90,147.35,29.35
403,321,4285.2,90,147.45,29.55
404,321,4312,90,147.55,29.85
405,321,4331.95,90,147.7,30.05
406,321,4345.05,90,147.9,30.15
407,321,4354.3,90,148.05,30.3
408,321,4359.7,90,148.15,30.5
409,321,4340.8,90,148.3,30.45
410,321,4297.6,90,148.5,30.15
411,321,4270.9,90,148.65,29.95
412,321,4260.7,90,148.75,29.85
413,321,4258.7,90,148.9,29.8
414,321,4264.9,90,149.1,29.8
415,321,4262.45,90,149.25,29.9
416,321,4251.35,90,149.35,30.1
417,321,4277.2,90,149.45,31.1
418,321,4280.5,90,149.55,31.65
419,321,4280.95,90,149.65,31.95
420,321,4305.6,90,149.75,32.4
421,321,4316.45,90,149.85,32.7
422,321,4309.5,90,149.95,32.95
423,321,4288.55,90,150,33.15
424,321,4255.95,90,150,33.3
425,321,4242.6,90,150,33.4
426,321,4251.65,90,150,33.25
427,321,4229.75,90,150,32.15
428,321,4231.15,90,150.05,31.55
429,321,4255.85,90,150.15,31.45
430,321,4280.15,90,150.25,31.45
431,321,4304.05,90,150.35,31.55
432,321,4317.9,90,150.45,31.5
433,321,4321.7,90,150.55,31.3
434,321,4325.5,90,150.65,31
435,321,4329.3,90,150.75,30.6
436,321,4332.2,90,150.9,30.4
437,321,4334.2,90,151.1,30.4
438,321,4340.85,90,151.25,30.4
439,321,4352.15,90,151.35,30.4
440,321,4356.45,90,151.5,30.2
441,321,4353.75,90,151.7,29.8
442,321,4353.2,90,151.85,29.6
443,321,4354.8,90,151.95,29.6
444,321,4347.35,90,152.05,29.65
445,321,4330.85,90,152.15,29.75
446,321,4310.25,90,152.2,29.7
447,321,4285.55,90,152.2,29.5
448,321,4261.3,90,152.2,29.25
449,321,4237.5,90,152.2,28.95
450,321,4214,90,152.15,28.85
451,321,4190.8,90,152.05,28.95
452,321,4181.1,90,151.95,28.95
453,321,4184.9,90,151.85,28.85
454,321,4195.65,90,151.75,28.65
455,321,4213.35,90,151.65,28.35
456,321,4225.7,90,151.516666666667,28.05
457,321,4232.7,90,151.35,27.75
458,321,4229.5,90,151.15,27.35
459,321,4233.15,90,150.95,27.15
460,321,4252.1,90,150.75,27.1
461,321,4272.5,90,150.55,27.1
462,321,4285.65,90,150.4,27.2
463,321,4286.8,90,150.3,27.4
464,321,4281.3,90,150.2,27.8
465,321,4265.65,90,150.1,28.05
466,321,4244.95,90,150.033333333333,28.15
467,321,4234.05,90,150.05,28.4
468,321,4232.95,90,150.15,28.8
469,321,4235.55,90,150.25,29.05
470,321,4241.85,90,150.35,29.15
471,321,4235.75,90,150.45,29.0833333333333
472,321,4217.25,90,150.55,28.85
473,321,4191.1,90,150.65,28.45
474,321,4173.5,90,150.75,27.85
475,321,4167.95,90,150.85,27.4
476,321,4188.15,90,151,27.25
477,321,4219.25,90,151.15,27.1
478,321,4248.1,90,151.2,27
479,321,4263.75,90,151.2,26.95
480,321,4267.9,90,151.2,26.95
481,321,4290.5,90,151.2,27.1166666666667
482,321,4312.85,90,151.2,27.4
483,321,4334.95,90,151.2,27.8
484,321,4348.35,90,151.25,28.15
485,321,4353.05,90,151.35,28.45
486,321,4357.01666666667,90,151.4,28.6666666666667
487,321,4360.25,90,151.4,28.8
488,321,4375.9,90,151.45,28.8
489,321,4387.85,90,151.55,28.95
490,321,4394.4,90,151.65,29.25
491,321,4389.7,90,151.8,29.3
492,321,4392.45,90,152,29.15
493,321,4410.35,90,152.2,29
494,321,4435.65,90,152.35,29.05
495,321,4464.65,90,152.45,29.25
496,321,4475.68333333333,90,152.55,29.4833333333333
497,321,4469.1,90,152.7,29.7
498,321,4444.9,90,152.9,29.9
499,321,4406.3,90,153.1,29.75
500,321,4353.3,90,153.3,29.25
501,321,4334.45,90,153.5,29
502,321,4349.75,90,153.7,29
503,321,4366.15,90,153.9,29.05
504,321,4383.65,90,154.1,29.15
505,321,4385.9,90,154.3,29.25
506,321,4372.9,90,154.5,29.35
507,321,4363.3,90,154.65,29.5
508,321,4357.1,90,154.75,29.7
509,321,4364.9,90,154.85,29.75
510,321,4386.7,90,154.95,29.65
511,321,4390.3,90,155,29.75
512,321,4375.7,90,155,30.05
513,321,4357.8,90,154.95,30.2
514,321,4336.6,90,154.85,30.2
515,321,4334.3,90,154.75,30.2
516,321,4350.9,90,154.65,30.2
517,321,4359.2,90,154.6,30.1
518,321,4359.2,90,154.6,29.9
519,321,4360.2,90,154.6,30.05
520,321,4362.2,90,154.6,30.55
521,321,4359.7,90,154.6,30.75
522,321,4352.7,90,154.6,30.65
523,321,4342.35,90,154.7,30.55
524,321,4328.65,90,154.9,30.45
525,321,4328.2,90,155.1,30.35
526,321,4341,90,155.3,30.25
527,321,4359.9,90,155.5,30.25
528,321,4384.9,90,155.7,30.35
529,321,4406.7,90,155.9,30.45
530,321,4425.3,90,156.1,30.55
531,321,4435.4,90,156.3,30.65
532,321,4437,90,156.5,30.75
533,321,4451.45,90,156.75,30.8
534,321,4461,90,156.95,30.9
535,321,4446.9,90,157.15,31
536,324.3,4436.55,90,157.3,31.25
537,330.9,4445.3,90,157.35,31.65
538,337.5,4447.3,90,157.35,31.9
539,344.1,4444.85,90,157.35,31.9
540,350.7,4434.75,90,157.4,31.75
541,357.3,4417.3,90,157.5,31.55
542,363.9,4420.75,90,157.6,31.5
543,370.5,4433.05,90,157.6,31.7
544,377.1,4455,90,157.65,31.95
545,383.7,4486.6,90,157.75,32.25
546,387,4489.05,90,157.9,32.4
547,387,4496.9,90,158.15,32.6
548,387,4536,90,158.45,33.15
549,387,4579.65,90,158.75,33.85
550,387,4631.05,90,159,34.6
551,387,4657.25,90,159.3,35.2
552,387,4655.65,90,159.6,35.7
553,387,4626.25,90,159.9,36.1
554,387,4628.95,90,160.15,36.55
555,387,4627.15,90,160.4,36.75
556,387,4632.25,90,160.7,36.75
557,387,4618.25,90,160.95,36.75
558,387,4585.15,90,161.15,36.75
559,387,4547.15,90,161.35,36.55
560,387,4504.25,90,161.55,36.15
561,387,4492.55,90,161.65,35.8
562,387,4486.4,90,161.75,35.25
563,387,4514.1,90,161.85,34.75
564,387,4519.25,90,161.95,34.15
565,387,4538.45,90,162,33.75
566,387,4560.65,90,162,33.5
567,387,4577.3,90,162,33
568,387,4585.9,90,162,32.3
569,387,4598.95,90,162,31.8
570,387,4632.45,90,162,31.55
571,387,4683.25,90,162,31.5
572,387,4738.8,90,162,31.55
573,387,4770.8,90,162,31.45
574,387,4778.7,90,162,31.35
575,387,4762.5,90,162,31.25
576,387,4754.1,90,162,31.15
577,387,4753.5,90,162,31.05
578,387,4762.95,90,162,31
579,387,4782.45,90,162,31
580,387,4773.7,90,162,30.75
581,387,4736.7,90,162,30.25
582,387,4717.55,90,161.95,30.05
583,387,4716.25,90,161.85,30.15
584,387,4731.05,90,161.75,30.2
585,387,4761.95,90,161.65,30.2
586,387,4778.05,90,161.5,30.3
587,387,4779.35,90,161.3,30.5
588,387,4777.9,90,161.1,30.6
589,387,4773.7,90,160.9,30.6
590,387,4793.45,90,160.8,31
591,387,4820.1,90,160.7,31.55
592,387,4820.1,90,160.65,31.8
593,387,4822.4,90,160.6,31.8
594,387,4842.75,90,160.5,31.85
595,387,4848.8,90,160.45,31.9
596,387,4850.6,90,160.5,31.85
597,387,4856.45,90,160.55,31.75
598,387,4854.55,90,160.55,31.7
599,387,4856.3,90,160.6,31.75
600,387,4857.3,90,160.6,31.65
601,387,4853.65,90,160.6,31.55
602,387,4845.35,90,160.6,31.45
603,387,4825.65,90,160.6,31.3
604,387,4794.55,90,160.6,31.1
605,387,4784.9,90,160.6,31.05
606,387,4796.7,90,160.6,31.15
607,387,4798.35,90,160.65,31.2
608,387,4789.85,90,160.75,31.2
609,387,4770.6,90,160.8,31.2
610,387,4740.6,90,160.8,31.2
611,387,4753.4,90,160.8,31.15
612,387,4785.05,90,160.75,31.2
613,387,4813.35,90,160.7,31.35
614,387,4842.85,90,160.7,31.65
615,387,4873.05,90,160.65,31.95
616,387,4874.75,90,160.6,32.05
617,387,4871.25,90,160.6,32.1
618,387,4887.15,90,160.6,32.2
619,387,4911.65,90,160.6,32.25
620,387,4943.1,90,160.6,32.3
621,387,4948.9,90,160.6,32.5
622,387,4944.55,90,160.65,32.65
623,387,4942.6,90,160.75,32.95
624,387,4938.5,90,160.85,33.35
625,387,4931.5,90,160.95,33.65
626,387,4950.8,90,161,34.05
627,387,4955.9,90,161.1,34.65
628,387,4972.8,90,161.2,35.2
629,387,5001.5,90,161.3,35.7
630,387,5010.75,90,161.4,36
631,387,5000.55,90,161.5,36.1
632,387,4990.45,90,161.6,36.2
633,387,4977.3,90,161.7,36.15
634,387,4961.1,90,161.8,35.95
635,387,4959.8,90,161.9,35.75
636,387,4973.4,90,162,35.55
637,387,5001.05,90,162,35.2
638,387,4992.15,90,162,34.85
639,387,4953.75,90,162,34.65
640,387,4942.75,90,162.05,34.6
641,387,4959.15,90,162.15,34.7
642,387,4970.85,90,162.25,34.8
643,387,4968.45,90,162.35,34.85
644,387,4978.65,90,162.45,34.8
645,387,4984.25,90,162.55,34.7
646,387,4970.65,90,162.65,34.8
647,387,4972.9,90,162.8,34.9
648,387,4991,90,163,35
649,387,5003,90,163.2,34.95
650,387,4984.9,90,163.35,34.85
651,387,5003.6,90,163.45,34.95
652,387,5028.35,90,163.5,35
653,387,5059.15,90,163.5,35
654,387,5064.45,90,163.5,35
655,387,5044.25,90,163.5,35
656,387,5025.65,90,163.5,34.8
657,387,5014.95,90,163.45,34.65
658,387,5005.15,90,163.35,34.55
659,387,5000.05,90,163.25,34.3
660,387,4999.65,90,163.15,33.9
661,387,4976.25,90,163.05,33.4
662,387,4981.6,90,163,33.05
663,387,4992.65,90,163.05,32.85
664,387,5014.25,90,163.15,32.8
665,387,5037.05,90,163.25,32.8
666,387,5048.55,90,163.35,32.8
667,387,5055.15,90,163.45,32.8
668,387,5059.4,90,163.55,32.8
669,387,5072.4,90,163.65,33
670,387,5101.9,90,163.8,33.35
671,387,5108.7,90,164,33.55
672,387,5096.05,90,164.2,33.7
673,387,5087,90,164.35,33.8
674,387,5079.3,90,164.45,33.8
675,387,5082.3,90,164.55,33.8
676,387,5075.2,90,164.75,33.8
677,387,5072.15,90,164.95,33.8
678,387,5077.6,90,165.15,33.8
679,387,5068.65,90,165.3,33.7
680,387,5037.55,90,165.35,33.55
681,387,5034.25,90,165.35,33.5
682,387,5055.5,90,165.35,33.45
683,387,5081.05,90,165.3,33.4
684,387,5113.15,90,165.2,33.4
685,387,5105.15,90,165.1,33.4
686,387,5106.15,90,164.9,33.35
687,387,5095.6,90,164.7,33.25
688,387,5084.1,90,164.5,33.2
689,387,5094.55,90,164.35,33.3
690,387,5131.4,90,164.25,33.5
691,387,5144.7,90,164.15,33.65
692,387,5131.9,90,163.95,33.75
693,387,5098.8,90,163.85,33.75
694,387,5045.4,90,163.85,33.65
695,387,5048.65,90,163.85,33.6
696,387,5080.25,90,163.85,33.65
697,387,5103.65,90,163.85,33.75
698,387,5108.25,90,163.85,33.8
699,387,5112.6,90,163.9,33.8
700,387,5112.25,90,164,33.8
701,387,5093.15,90,164.1,33.8
702,387,5074.3,90,164.3,33.7
703,387,5070.15,90,164.45,33.55
704,387,5076.75,90,164.55,33.55
705,387,5063.8,90,164.65,33.6
706,387,5037.55,90,164.75,33.6
707,387,5034.55,90,164.85,33.6
708,387,5031.85,90,165.05,33.6
709,387,5032.5,90,165.2,33.6
710,387,5036.5,90,165.3,33.6
711,387,5058,90,165.35,33.65
712,387,5080.55,90,165.35,33.85
713,387,5101.95,90,165.35,34.1
714,387,5126.15,90,165.35,34.2
715,387,5149.15,90,165.35,34.4
716,387,5147.7,90,165.35,34.5
717,387,5121.8,90,165.35,34.5
718,387,5125.65,90,165.25,34.5
719,387,5137.65,90,165.15,34.5
720,387,5141.55,90,165.05,34.5
721,387,5137.25,90,165,34.45
722,387,5132.65,90,165,34.35
723,387,5135.75,90,165,34.4
724,387,5146.55,90,165,34.6
725,387,5143.75,90,165,34.55
726,387,5144.35,90,165,34.55
727,387,5163.15,90,165,34.6
728,387,5168.9,90,165,34.6
729,387,5167.5,90,165,34.6
730,387,5179.5,90,165,34.6
731,387,5204.9,90,165,34.6
732,387,5215.15,90,165,34.6
733,387,5204.45,90,165,34.5
734,387,5188.3,90,165.05,34.4
735,387,5192,90,165.15,34.45
736,387,5201.4,90,165.25,34.45
737,387,5206.65,90,165.35,34.45
738,387,5207.75,90,165.45,34.45
739,387,5207.5,90,165.55,34.5
740,387,5201.6,90,165.65,34.6
741,387,5192.3,90,165.75,34.8
742,387,5192.6,90,165.85,35
743,387,5202.5,90,165.95,35.2
744,387,5203.05,90,166.05,35.3
745,387,5194.25,90,166.15,35.3
746,387,5171.45,90,166.25,35.2
747,387,5164,90,166.3,35.2
748,387,5171.9,90,166.3,35.3
749,387,5174.2,90,166.3,35.35
750,387,5170.9,90,166.3,35.35
751,387,5134.4,90,166.3,35.45
752,387,5101.65,90,166.3,35.4
753,387,5072.65,90,166.3,35.2
754,387,5055.7,90,166.25,35.05
755,387,5050.8,90,166.15,34.95
756,387,5073.15,90,166.05,35.05
757,387,5088.45,90,166,35.1
758,387,5081.05,90,166,35.2
759,387,5078.5,90,166,35.3
760,387,5080.8,90,166,35.4
761,387,5109.75,90,166,35.4
762,387,5136.05,90,166,35.65
763,387,5154.55,90,166,35.85
764,387,5165.8,90,166,36
765,387,5169.8,90,166,36.1
766,387,5174.7,90,166,36.25
767,387,5180.5,90,166,36.45
768,387,5173.5,90,166,36.55
769,387,5174.55,90,166,36.7
770,387,5183.65,90,166,36.9
771,387,5192.6,90,166,37
772,387,5194.05,90,166,36.95
773,387,5193.15,90,166,37.05
774,387,5200.1,90,166,37.25
775,387,5214.9,90,166,37.55
776,387,5224.75,90,166,37.6
777,374.85,5229.85,90,166,37.7
778,350.55,5259.55,90,166,37.9
779,326.25,5258.3,90,166,37.95
780,301.95,5246.45,90,166.05,37.95
781,277.65,5235.75,90,166.15,37.95
782,253.35,5239.4,90,166.15,38.1
783,229.05,5242.55,90,166.15,38.35
784,204.75,5229.6,90,166.15,38.55
785,180.45,5210.7,90,166.15,38.45
786,156.15,5194.85,90,166.15,38.65
787,144,5181.85,90,166.15,38.85
788,144,5175.1,90,166.1,38.85
789,144,5194,90,166,38.85
790,144,5196.75,90,165.85,38.95
791,144,5187.95,90,165.65,39.15
792,144,5161.75,90,165.55,39.35
793,144,5143.5,90,165.35,39.3
794,144,5125.65,90,165.2,39.15
795,144,5098.05,90,165.1,39.15
796,144,5086.3,90,164.9,39.45
797,144,5103.3,90,164.7,40.25
798,144,5089.75,90,164.55,40.9
799,144,5045.65,90,164.45,41.4
800,144,5016.95,90,164.35,41.8
801,144,4970.7,90,164.2,42
802,144,4906.9,90,164,42
803,144,4880.3,90,163.9,42.6
804,144,4817.4,90,163.75,42.6
805,144,4718.2,90,163.55,42
806,144,4724.6,90,163.35,42.6
807,144,4678.75,90,163.15,42.05
808,144,4636.55,90,162.95,41.2
809,144,4665.15,90,162.75,41
810,144,4640.25,90,162.5,40.6
811,144,4590.2,90,162.25,40.1
812,144,4575.2,90,161.95,39.5
813,144,4530,90,161.55,38.3
814,144,4550.55,90,161.15,37.75
815,144,4616.7,90,160.65,38
816,144,4560.2,90,160.15,36.8
817,144,4515.9,90,159.6,36.15
818,144,4483.8,90,159,36.05
819,144,4405.8,90,158.3,35.45
820,144,4376.1,90,157.6,35.05
821,144,4394.7,90,156.9,34.85
822,144,4408.45,90,156.25,34.85
823,144,4417.35,90,155.65,35.05
824,144,4391.1,90,155.05,35.25
825,144,4349.85,90,154.55,35.3
826,144,4306.25,90,154.05,35.3
827,144,4260.8,90,153.6,35.3
828,144,4213.5,90,153.2,35.3
829,144,4153.55,90,152.85,35.45
830,144,4086.55,90,152.5,35.65
831,144,4033.55,90,152.1,35.55
832,144,3984.45,90,151.7,35.5
833,144,3939.25,90,151.3,35.5
834,144,3895.75,90,150.85,35.55
835,144,3853.95,90,150.35,35.65
836,144,3791.45,90,149.75,35.55
837,144,3739.5,90,149.15,35.4
838,144,3698.1,90,148.55,35.2
839,144,3662.3,90,147.95,34.9
840,144,3632.1,90,147.35,34.5
841,144,3598.5,90,146.8,34.55
842,144,3564.55,90,146.25,34.7
843,144,3505.95,90,145.65,34.7
844,144,3452.6,90,145.05,34.7
845,144,3404.5,90,144.45,34.7
846,144,3379.3,90,143.95,34.75
847,144,3355.35,90,143.35,34.8
848,144,3317.8,90,142.7,34.85
849,144,3273.35,90,142.05,34.9
850,144,3245.25,90,141.45,34.8
851,144,3224.45,90,140.85,34.65
852,144,3210.95,90,140.25,34.45
853,144,3206.65,90,139.7,34.3
854,144,3199.25,90,139.15,34.05
855,144,3191.15,90,138.65,33.85
856,144,3174.45,90,138.25,33.8
857,144,3157.1,90,137.9,33.7
858,144,3153.95,90,137.55,33.55
859,144,3157.15,90,137.15,33.45
860,144,3157.05,90,136.7,33.55
861,144,3150.65,90,136.25,33.55
862,144,3130.75,90,135.85,33.25
863,144,3119.75,90,135.5,32.8
864,144,3107.35,90,135.15,32.5
865,144,3091.15,90,134.75,32.2
866,144,3087.15,90,134.3,31.85
867,144,3087.4,90,133.85,31.65
868,144,3089.1,90,133.4,31.55
869,144,3100.1,90,133,31.45
870,144,3095.25,90,132.6,31.35
871,144,3074.55,90,132.2,31.25
872,144,3064.95,90,131.8,31.4
873,144,3066.45,90,131.4,31.8
874,144,3062.85,90,131,32.05
875,144,3054.15,90,130.6,32.15
876,144,3033.05,90,130.25,32.1
877,144,3012.75,90,129.95,32.1
878,144,2996.05,90,129.7,32.2
879,144,2963.2,90,129.45,32.3
880,144,2925.75,90,129.2,32.4
881,144,2917,90,129,32.55
882,144,2917.2,90,128.8,32.7
883,144,2894.3,90,128.6,32.75
884,144,2874.8,90,128.45,32.8
885,144,2854.25,90,128.35,32.55
886,144,2823.95,90,128.25,32.05
887,144,2817.1,90,128.1,31.7
888,144,2833.7,90,127.9,31.5
889,144,2855.25,90,127.65,31.35
890,144,2881.75,90,127.35,31.25
891,144,2891.75,90,126.95,31
892,144,2885.25,90,126.45,30.6
893,144,2883.05,90,125.9,30.3
894,144,2885.15,90,125.3,30.1
895,144,2909.3,90,124.65,30.25
896,144,2955.5,90,123.95,30.75
897,144,2963,90,123.3,30.9
898,144,2931.8,90,122.7,30.7
899,144,2919.7,90,122.2,30.5
900,144,2926.7,90,121.8,30.3
901,144,2924.5,90,121.55,30.1
902,144,2913.1,90,121.45,29.9
903,144,2926.5,90,121.4,29.75
904,144,2964.7,90,121.4,29.65
905,144,2971.15,90,121.55,29.45
906,144,2945.85,90,121.85,29.15
907,144,2936.1,90,122.2,29.15
908,144,2941.9,90,122.6,29.45
909,144,2941.9,90,122.95,29.6
910,144,2936.1,90,123.25,29.6
911,144,2939.65,90,123.55,29.65
912,144,2952.55,90,123.85,29.75
913,144,2947.15,90,124.1,29.95
914,144,2923.45,90,124.3,30.25
915,144,2915.5,90,124.35,30.5
916,144,2923.3,90,124.25,30.7
917,144,2913.55,90,124,30.6
918,144,2886.25,90,123.6,30.2
919,144,2865.1,90,123.2,29.9
920,144,2850.1,90,122.8,29.7
921,144,2840.65,90,122.3,29.5
922,144,2836.75,90,121.7,29.3
923,144,2827.18333333333,90,121.15,29
924,144,2811.95,90,120.65,28.6
925,144,2800.25,90,120.2,28.45
926,144,2797.95,90,119.8,28.65
927,144,2822.25,90,119.5,29.05
928,144,2873.15,90,119.3,29.65
929,144,2881.8,90,119.15,29.7166666666667
930,144,2848.2,90,119.05,29.25
931,144,2774.25,90,119,28.3
932,144,2732.68333333333,90,119,27.6666666666667
933,144,2739.61666666667,90,119,27.2
934,144,2795.05,90,119,26.9
935,144,2845.8,90,119.1,26.4
936,144,2886,90,119.3,25.6
937,144,2901.45,90,119.5,24.9
938,144,2892.15,90,119.7,24.3
939,144,2902.4,90,119.95,24.2833333333333
940,144,2932.2,90,120.25,24.85
941,144,2995.23333333333,90,120.55,25.8833333333333
942,144,3018.76666666667,90,120.85,26.5833333333333
943,144,3002.8,90,121.15,26.95
944,144,2953.15,90,121.4,27.25
945,144,2923,90,121.5,27.85
946,144,2912.3,90,121.6,29.05
947,144,2897.5,90,121.65,30.1
948,144,2878.6,90,121.65,31
949,144,2873.85,90,121.6,31.3
950,144,2883.25,90,121.5,31
951,144,2894.01666666667,90,121.4,30.7666666666667
952,144,2906.15,90,121.3,30.6
953,144,2915.45,90,121.166666666667,30.5333333333333
954,144,2916.1,90,121.05,30.3
955,144,2908.1,90,120.95,29.9
956,144,2894.75,90,120.75,29.15
957,144,2896.95,90,120.6,28.5
958,144,2897.8,90,120.5,27.75
959,144,2881.7,90,120.4,27.5
960,144,2871.8,90,120.3,27.85
961,144,2867.2,90,120.2,28.25
962,144,2874.65,90,120.05,28.65
963,144,2898.35,90,119.883333333333,29.0166666666667
964,144,2910,90,119.75,29.5
965,144,2909.6,90,119.65,30.1
966,144,2889.05,90,119.55,30.3
967,144,2848.35,90,119.45,30.1
968,144,2842.15,90,119.35,30.05
969,144,2870.45,90,119.25,30.15
970,144,2924.15,90,119.15,30.6
971,144,2962.45,90,119.05,30.85
972,144,2978.6,90,119,30.95
973,144,2966,90,119,31.1
974,144,2952.95,90,119,31.15
975,144,2957.65,90,119.05,31.1
976,144,2984.95,90,119.15,31.35
977,144,3034.7,90,119.25,31.8
978,144,3069.15,90,119.35,32.1
979,144,3086.4,90,119.45,32.25
980,144,3072.4,90,119.55,31.95
981,144,3056.9,90,119.65,31.8
982,144,3039.9,90,119.75,31.8
983,144,3028.95,90,119.8,31.7
984,144,3024.05,90,119.8,31.5
985,144,3013.55,90,119.75,31.25
986,144,2997.45,90,119.65,30.95
987,144,2962.95,90,119.5,30.6
988,144,2910.05,90,119.3,30.2
989,144,2874.95,90,119.1,29.95
990,144,2857.65,90,118.9,29.85
991,144,2905.55,90,118.7,30.35
992,144,2923.35,90,118.5,30.65
993,144,2910.1,90,118.35,30.8
994,144,2918.3,90,118.2,31.1
995,144,2941.4,90,118,31.5
996,144,2961.25,90,117.8,31.75
997,144,2990.8,90,117.65,31.95
998,144,3019.55,90,117.5,32.35
999,144,3013.2,90,117.3,32.75
1000,144,2992.85,90,117.15,33.15
1001,144,2922.15,90,117.05,33.05
1002,144,2886.85,90,117.05,32.85
1003,144,2870.9,90,117.05,32.8
1004,144,2821.8,90,117.1,32.6
1005,144,2790.95,90,117.2,32.35
1006,144,2796.5,90,117.3,32.3
1007,144,2819.65,90,117.4,32.4
1008,144,2870.9,90,117.55,32.4
1009,144,2926.825,90,117.8,31.95
1010,144,2966.325,90,118.05,31.05
1011,144,2989.4,90,118.3,29.7
1012,144,3005.6,90,118.5,28.3
1013,144,2994.25,90,118.7,29.05
1014,144,3024.05,90,118.85,29.8
1015,144,3043.6,90,118.95,30.45
1016,144,3034.4,90,119.05,30.95
1017,152.85,3021.35,90,119.2,31.2
1018,170.55,3004.45,90,119.4,31.2
1019,188.25,2989.325,90,119.55,31.75
1020,205.95,2975.975,90,119.65,32.85
1021,223.65,3024.4,90,119.7,34.1
1022,241.35,3023.7,90,119.75,35.55
1023,259.05,3010.6,90,119.85,34.75
1024,276.75,2986.6,90,120,34.15
1025,294.45,2951.7,90,120.2,33.75
1026,312.15,2915.15,90,120.45,33.45
1027,321,2870.85,90,120.7,33.4
1028,321,2879.5,90,120.95,33.6
1029,321,2958.9,90,121.25,33.6
1030,321,3000.5,90,121.65,33.6
1031,321,2974.4,90,122.1,33.9
1032,321,2991.5,90,122.55,34.45
1033,321,3066.9,90,123.05,34.95
1034,321,3130.4,90,123.65,35.1
1035,321,3164.3,90,124.55,35.7
1036,321,3222.7,90,125.4,36.2
1037,321,3305.6,90,126.2,36.6
1038,321,3379.55,90,127.05,37.2
1039,321,3361.6,90,127.9,38
1040,321,3360.3,90,128.7,38.8
1041,321,3366.4,90,129.65,39.3
1042,321,3392.2,90,130.6,39.6
1043,321,3422.6,90,131.5,40
1044,321,3486.4,90,132.3,40.3
1045,321,3576.95,90,132.95,40
1046,321,3649.4,90,133.75,39.8
1047,321,3684.7,90,134.65,39.9
1048,321,3657.65,90,135.45,39.75
1049,321,3651.2,90,136.2,39.35
1050,321,3726.05,90,137,38.8
1051,321,3861.35,90,137.7,38.5
1052,321,3972.15,90,138.35,38.5
1053,321,4077.95,90,138.95,38.35
1054,321,4149.95,90,139.55,38.25
1055,321,4170.7,90,140,38.25
1056,321,4189.6,90,140.3,38.1
1057,321,4225.7,90,140.5,37.6
1058,321,4252.1,90,140.7,37.3
1059,321,4268.8,90,140.9,37.2
1060,321,4315.45,90,141,36.95
1061,321,4295.95,90,140.95,36.55
1062,321,4282.95,90,140.85,35.85
1063,321,4255.35,90,140.75,35.5
1064,321,4213.15,90,140.65,35.5
1065,321,4243.2,90,140.55,35.25
1066,321,4296.1,90,140.45,35
1067,321,4331.85,90,140.4,34.9
1068,321,4375.3,90,140.4,34.65
1069,321,4437.45,90,140.45,34.1
1070,321,4417.95,90,140.55,33.5
1071,321,4416.25,90,140.7,33.3
1072,321,4435,90,140.95,33.15
1073,321,4475.8,90,141.25,32.85
1074,321,4524.96666666667,90,141.616666666667,32.25
1075,321,4537.45,90,142.05,31.6
1076,321,4513.25,90,142.55,30.9
1077,321,4514.1,90,143,30.35
1078,321,4540,90,143.4,29.95
1079,321,4568,90,143.75,29.75
1080,321,4598.1,90,144.05,29.75
1081,321,4621.7,90,144.35,29.35
1082,321,4636.15,90,144.6,28.9
1083,321,4641.85,90,144.85,28.5
1084,321,4652.48333333333,90,145.083333333333,28.3
1085,321,4662,90,145.3,28.3
1086,321,4670.4,90,145.5,28.5
1087,321,4688.25,90,145.7,28.6
1088,321,4715.55,90,145.9,28.6
1089,321,4738.95,90,146.1,28.6
1090,321,4758.45,90,146.3,28.6
1091,321,4773.5,90,146.55,28.65
1092,321,4784.1,90,146.85,28.75
1093,321,4798.05,90,147.1,28.85
1094,321,4815.35,90,147.3,28.95
1095,321,4843.2,90,147.5,29.05
1096,321,4881.6,90,147.7,29.15
1097,321,4886.05,90,147.9,29.25
1098,321,4856.55,90,148.1,29.35
1099,321,4836.6,90,148.3,29.4
1100,321,4826.2,90,148.5,29.4
1101,321,4822.8,90,148.65,29.45
1102,321,4826.4,90,148.75,29.55
1103,321,4838.95,90,148.85,29.65
1104,321,4860.45,90,148.95,29.75
1105,321,4872.95,90,149.05,29.9
1106,321,4876.45,90,149.15,30.1
1107,321,4879.3,90,149.25,30.15
1108,321,4881.5,90,149.35,30.05
1109,321,4889.65,90,149.4,29.95
1110,321,4903.75,90,149.4,29.85
1111,321,4911.7,90,149.4,29.8
1112,321,4913.5,90,149.4,29.8
1113,321,4900.05,90,149.45,29.8
1114,321,4871.35,90,149.55,29.8
1115,321,4845.58333333333,90,149.6,29.6833333333333
1116,321,4822.75,90,149.6,29.45
1117,321,4806.7,90,149.6,29.25
1118,321,4813.8,90,149.65,29.2
1119,321,4819.25,90,149.8,29.2
1120,321,4820.75,90,150,29.25
1121,321,4838.75,90,150.2,29.3
1122,321,4856.1,90,150.4,29.25
1123,321,4871.75,90,150.55,29.15
1124,321,4884.9,90,150.7,29.05
1125,321,4894.16666666667,90,150.9,29.0166666666667
1126,321,4905.1,90,151.05,29
1127,321,4917.7,90,151.15,29
1128,321,4910.85,90,151.25,28.85
1129,321,4884.55,90,151.35,28.55
1130,321,4855.6,90,151.45,28.25
1131,321,4824,90,151.55,27.95
1132,321,4808.91666666667,90,151.65,27.7
1133,321,4810.35,90,151.75,27.5
1134,321,4829.1,90,151.8,27.3
1135,321,4841.05,90,151.8,26.95
1136,321,4840.65,90,151.85,26.5
1137,321,4847.5,90,151.95,26.35
1138,321,4866.35,90,152,26.55
1139,321,4889.95,90,152,26.85
1140,321,4903.8,90,152,27.1
1141,321,4923.75,90,152,27.55
1142,321,4947.78333333333,90,152,28.25
1143,321,4945.2,90,152,28.7
1144,321,4916,90,152,28.9
1145,321,4911.2,90,152,29.2
1146,321,4930.8,90,152,29.6
1147,321,4948.75,90,152.05,29.85
1148,321,4965.05,90,152.15,29.95
1149,321,4985.9,90,152.25,30.05
1150,321,5011.3,90,152.35,30.15
1151,321,5003.15,90,152.4,29.9
1152,321,4961.45,90,152.4,29.3
1153,321,4937.8,90,152.4,28.8833333333333
1154,321,4932.2,90,152.4,28.65
1155,321,4917.75,90,152.4,28.4
1156,321,4902.9,90,152.45,28.25
1157,321,4894.1,90,152.5,28.05
1158,321,4884,90,152.5,27.75
1159,321,4873.65,90,152.5,27.45
1160,321,4860,90,152.45,27.15
1161,321,4865.3,90,152.4,26.95
1162,321,4886.5,90,152.4,26.95
1163,321,4902.7,90,152.4,27.1166666666667
1164,321,4916.26666666667,90,152.4,27.3833333333333
1165,321,4927.2,90,152.4,27.75
1166,321,4927.05,90,152.35,28.1
1167,321,4909.55,90,152.25,28.25
1168,321,4882.05,90,152.15,28.25
1169,321,4866.45,90,152.05,28.3
1170,321,4865.8,90,152,28.4
1171,321,4864.1,90,152,28.45
1172,321,4864.4,90,152,28.35
1173,321,4866.4,90,152,28.15
1174,321,4867.73333333333,90,152,27.9166666666667
1175,321,4864.73333333333,90,152,27.5833333333333
1176,321,4857.4,90,152,27.15
1177,321,4852,90,152,26.8
1178,321,4871.05,90,152,26.75
1179,321,4892.65,90,152,26.8
1180,321,4869.65,90,152,26.8
1181,321,4818.05,90,152,26.85
1182,321,4787.1,90,152,26.95
1183,321,4777.1,90,152,27.05
1184,321,4773.05,90,151.95,27.15
1185,321,4778.61666666667,90,151.85,27.3166666666667
1186,321,4784.28333333333,90,151.75,27.5166666666667
1187,321,4790.05,90,151.65,27.75
1188,321,4773.4,90,151.55,27.8
1189,321,4742.95,90,151.4,27.7
1190,321,4745.85,90,151.2,27.6
1191,321,4784.7,90,151,27.55
1192,321,4810.25,90,150.8,27.55
1193,321,4831.55,90,150.6,27.55
1194,321,4863.6,90,150.45,27.55
1195,321,4877.9,90,150.35,27.5
1196,321,4883.96666666667,90,150.25,27.4333333333333
1197,321,4898.45,90,150.15,27.45
1198,321,4921.35,90,150.05,27.55
1199,321,4937.4,90,150.033333333333,27.6166666666667
1200,321,4946.6,90,150.1,27.65
1201,321,4946.35,90,150.2,27.6
1202,321,4944.2,90,150.3,27.4
1203,321,4931.1,90,150.4,27.1
1204,321,4903.4,90,150.55,27
1205,321,4889.6,90,150.75,27.15
1206,321,4890.7,90,150.95,27.25
1207,321,4890.05,90,151.15,27.2
1208,321,4874.61666666667,90,151.316666666667,27.0666666666667
1209,321,4851.05,90,151.416666666667,26.9333333333333
1210,321,4819.35,90,151.45,26.8
1211,321,4801.05,90,151.4,26.75
1212,321,4788.6,90,151.3,26.85
1213,321,4787.3,90,151.2,27.15
1214,321,4800.8,90,151.05,27.35
1215,321,4799,90,150.9,27.2
1216,321,4780.9,90,150.8,27
1217,321,4758.83333333333,90,150.7,26.9333333333333
1218,321,4745.83333333333,90,150.633333333333,26.9333333333333
1219,321,4741.9,90,150.6,27
1220,321,4758.1,90,150.65,27.15
1221,321,4772.9,90,150.8,27.3
1222,321,4777,90,151,27.35
1223,321,4765.1,90,151.2,27.25
1224,321,4736.2,90,151.4,27
1225,321,4720.4,90,151.55,26.85
1226,321,4722.5,90,151.65,26.9
1227,321,4730.16666666667,90,151.75,26.9666666666667
1228,321,4748.56666666667,90,151.85,27
1229,321,4777.7,90,151.95,27
1230,321,4806.5,90,152,26.95
1231,321,4823.3,90,152.05,26.9
1232,321,4837.4,90,152.15,26.95
1233,321,4848.35,90,152.25,27
1234,321,4857.15,90,152.35,27.05
1235,321,4871.9,90,152.45,27.2
1236,321,4887.8,90,152.55,27.35
1237,321,4907.65,90,152.6,27.5
1238,321,4926.28333333333,90,152.6,27.7
1239,321,4937.1,90,152.65,28.05
1240,321,4940.1,90,152.75,28.55
1241,321,4925.9,90,152.8,29.05
1242,321,4894.5,90,152.8,29.55
1243,321,4889.35,90,152.75,30
1244,321,4910.45,90,152.65,30.4
1245,321,4925.85,90,152.6,30.75
1246,321,4935.55,90,152.6,31.05
1247,321,4926.4,90,152.65,31.3
1248,321,4898.4,90,152.75,31.5
1249,321,4875.45,90,152.8,31.5
1250,321,4857.55,90,152.8,31.3
1251,321,4870.15,90,152.85,31.1
1252,321,4913.25,90,152.95,30.9
1253,321,4941.65,90,153.1,31.1
1254,321,4947.1,90,153.35,31.4
1255,321,4953.45,90,153.6,31.7
1256,324.3,4953.05,90,153.85,31.95
1257,330.9,4956.25,90,154.15,32.15
1258,337.5,4975.5,90,154.45,32.3
1259,344.1,4993.5,90,154.75,32.45
1260,350.7,5006.2,90,155.05,32.6
1261,357.3,5009.2,90,155.3,32.65
1262,363.9,4998.6,90,155.55,32.65
1263,370.5,4976.6,90,155.85,32.35
1264,377.1,4957.5,90,156.1,32.05
1265,383.7,4941.3,90,156.3,31.75
1266,387,4939.1,90,156.45,31.5
1267,387,4950.9,90,156.55,31.3
1268,387,4970.25,90,156.65,31.45
1269,387,4992.3,90,156.75,31.6
1270,387,5021.1,90,156.85,31.75
1271,387,5027.45,90,157,31.9
1272,387,5015.25,90,157.15,32
1273,387,5020.1,90,157.25,32.3
1274,387,5035.95,90,157.35,32.8
1275,387,5013.95,90,157.45,33.2
1276,387,4979.65,90,157.6,33.65
1277,387,4933.05,90,157.8,34.15
1278,387,4877.9,90,158,34.45
1279,387,4819.05,90,158.2,34.9
1280,387,4831.55,90,158.4,35.7
1281,387,4815.7,90,158.6,35.9
1282,387,4771.5,90,158.8,35.5
1283,387,4696.7,90,159,34.9
1284,387,4591.3,90,159.2,34.1
1285,387,4595.85,90,159.45,33.65
1286,387,4681.35,90,159.7,33.4
1287,387,4747.6,90,159.9,33.05
1288,387,4784.85,90,160.1,32.55
1289,387,4822,90,160.35,31.85
1290,387,4784,90,160.65,30.75
1291,387,4789.9,90,160.9,30.3
1292,387,4839.7,90,161.1,30.5
1293,387,4918.4,90,161.3,30.75
1294,387,5026,90,161.5,31.05
1295,387,5057.25,90,161.7,31.1
1296,387,5012.15,90,161.9,30.9
1297,387,4990.2,90,162.1,30.7
1298,387,4991.4,90,162.3,30.5
1299,387,4982.55,90,162.45,30.4
1300,387,4963.65,90,162.55,30.4
1301,387,4959.25,90,162.65,30.4
1302,387,4969.35,90,162.75,30.4
1303,387,4963.55,90,162.9,30.35
1304,387,4941.85,90,163.1,30.25
1305,387,4943.9,90,163.25,30.1
1306,387,4969.7,90,163.35,29.9
1307,387,4987.3,90,163.45,29.75
1308,387,4996.7,90,163.55,29.65
1309,387,5026.45,90,163.65,29.6
1310,387,5076.55,90,163.75,29.6
1311,387,5100,90,163.85,29.8
1312,387,5096.8,90,163.95,30.2
1313,387,5104.2,90,164,30.55
1314,387,5122.2,90,164,30.85
1315,387,5128,90,164,31.2
1316,387,5121.6,90,164,31.6
1317,387,5119.7,90,163.9,32.1
1318,387,5113.9,90,163.75,32.6
1319,387,5079.95,90,163.55,33.05
1320,387,5052.7,90,163.35,33.4
1321,387,5064.45,90,163.15,33.5
1322,387,5096.75,90,162.95,33.5
1323,387,5124.4,90,162.75,33.65
1324,387,5149.4,90,162.5,33.8
1325,387,5168.45,90,162.2,33.9
1326,387,5160.65,90,161.9,34
1327,387,5153.25,90,161.7,33.9
1328,387,5154.65,90,161.55,33.7
1329,387,5178.9,90,161.5,33.55
1330,387,5191.15,90,161.5,33.5
1331,387,5192.15,90,161.55,33.6
1332,387,5200.35,90,161.65,33.7
1333,387,5180.05,90,161.75,33.8
1334,387,5160.85,90,161.95,33.85
1335,387,5142.75,90,162.25,33.85
1336,387,5149.7,90,162.55,34.2
1337,387,5170.4,90,162.85,35
1338,387,5223.3,90,163.15,36.1
1339,387,5241.2,90,163.4,36.8
1340,387,5224.1,90,163.6,37.1
1341,387,5226.3,90,163.65,37.7
1342,387,5222.7,90,163.65,38
1343,387,5249,90,163.65,38
1344,387,5244.5,90,163.7,38.3
1345,387,5240.4,90,163.65,38.6
1346,387,5233.65,90,163.55,38.45
1347,387,5212.5,90,163.45,37.85
1348,387,5158.5,90,163.35,36.95
1349,387,5128.45,90,163.3,36.3
1350,387,5122.35,90,163.3,35.9
1351,387,5114.05,90,163.4,35.4
1352,387,5105.85,90,163.5,35.15
1353,387,5097.75,90,163.6,35.15
1354,387,5108.25,90,163.65,34.95
1355,387,5106.15,90,163.8,34.85
1356,387,5096.45,90,164,34.7
1357,387,5090.9,90,164.2,34.5
1358,387,5091.4,90,164.3,34.5
1359,387,5099.9,90,164.4,34.65
1360,387,5116.4,90,164.5,34.95
1361,387,5101.25,90,164.6,34.85
1362,387,5077.25,90,164.7,34.6
1363,387,5052.95,90,164.8,34.25
1364,387,5038.95,90,164.85,33.85
1365,387,5045.2,90,164.85,33.5
1366,387,5066.7,90,164.85,33.35
1367,387,5099.6,90,164.85,33.55
1368,387,5139.15,90,164.95,33.7
1369,387,5179.75,90,165,33.85
1370,387,5206.8,90,165,33.9
1371,387,5231.05,90,165,34
1372,387,5255.75,90,165,34.2
1373,387,5279.25,90,165,34.45
1374,387,5301.55,90,165,34.75
1375,387,5317.85,90,165.05,35.05
1376,387,5328.15,90,165.15,35.35
1377,387,5321,90,165.25,35.3
1378,387,5299.25,90,165.35,35.05
1379,387,5300.25,90,165.45,35.25
1380,387,5313.7,90,165.6,35.6
1381,387,5339.6,90,165.8,36.1
1382,387,5338.1,90,166,36.1
1383,387,5341.05,90,166.2,36.15
1384,387,5348.45,90,166.4,36.25
1385,387,5354.6,90,166.6,36.3
1386,387,5359.5,90,166.8,36.3
1387,387,5369.15,90,167,36.55
1388,387,5379.25,90,167.2,36.85
1389,387,5352.45,90,167.4,36.55
1390,387,5332.8,90,167.55,36.2
1391,387,5320.3,90,167.65,35.8
1392,387,5339,90,167.75,35.85
1393,387,5350.15,90,167.85,35.8
1394,387,5367.45,90,167.95,36
1395,387,5371.95,90,168,36.1
1396,387,5363.65,90,168,36.1
1397,387,5359.85,90,168,36.1
1398,387,5373.75,90,167.95,36.25
1399,387,5405.35,90,167.85,36.55
1400,387,5416.2,90,167.75,36.7
1401,387,5406.3,90,167.65,36.7
1402,387,5408.1,90,167.55,36.75
1403,387,5404.2,90,167.45,36.8
1404,387,5380.9,90,167.35,36.5
1405,387,5355.5,90,167.3,36.4
1406,387,5328,90,167.3,36.5
1407,387,5344.6,90,167.3,36.7
1408,387,5341.7,90,167.35,36.75
1409,387,5319.3,90,167.45,36.65
1410,387,5306.5,90,167.55,36.65
1411,387,5301.45,90,167.65,36.7
1412,387,5284.25,90,167.75,36.7
1413,387,5279.45,90,167.85,36.65
1414,387,5287.05,90,167.95,36.55
1415,387,5310.75,90,168,36.45
1416,387,5350.55,90,168,36.35
1417,387,5345.15,90,168,36.15
1418,387,5342.65,90,168,36
1419,387,5343.05,90,168,35.9
1420,387,5352.55,90,168,35.75
1421,387,5373,90,168,35.6
1422,387,5393.6,90,168,35.7
1423,387,5410.1,90,168,35.9
1424,387,5422.5,90,168,36.2
1425,387,5438.3,90,168,36.3
1426,387,5438.4,90,168,36.3
1427,387,5429.9,90,168,36.2
1428,387,5423.35,90,168,36.2
1429,387,5418.75,90,168,36.3
1430,387,5396.35,90,168,36.25
1431,387,5386.8,90,167.95,36.35
1432,387,5400.9,90,167.85,36.35
1433,387,5406.5,90,167.75,36.35
1434,387,5403.6,90,167.65,36.35
1435,387,5385.7,90,167.55,36.55
1436,387,5377.05,90,167.5,36.75
1437,387,5377.65,90,167.5,36.95
1438,387,5389.8,90,167.4,37.1
1439,387,5405.65,90,167.35,37.2
1440,387,5428.95,90,167.35,37.5
1441,387,5433.1,90,167.4,37.7
1442,387,5418.1,90,167.5,37.8
1443,387,5403.1,90,167.5,37.9
1444,387,5394.95,90,167.55,37.95
1445,387,5391.15,90,167.65,37.85
1446,387,5392.6,90,167.7,37.85
1447,387,5379.85,90,167.65,37.8
1448,387,5346.65,90,167.65,37.7
1449,387,5324.3,90,167.6,37.6
1450,387,5312.8,90,167.5,37.5
1451,387,5296.8,90,167.4,37.5
1452,387,5278.4,90,167.25,37.55
1453,387,5267.7,90,167.15,37.65
1454,387,5256.05,90,167,37.6
1455,387,5243.45,90,166.8,37.6
1456,387,5223.85,90,166.6,37.5
1457,387,5230.05,90,166.45,37.5
1458,387,5262.05,90,166.35,37.6
1459,387,5279.45,90,166.25,37.6
1460,387,5285.25,90,166.15,37.6
1461,387,5290.75,90,166.05,37.5
1462,387,5280.55,90,166,37.25
1463,387,5275.15,90,166.05,37.05
1464,387,5276.35,90,166.15,37.15
1465,387,5289,90,166.2,37.2
1466,387,5313.1,90,166.2,37.2
1467,387,5319.95,90,166.3,37.15
1468,387,5313.45,90,166.4,37.05
1469,387,5310.55,90,166.5,37.05
1470,387,5318.3,90,166.6,37.1
1471,387,5336.7,90,166.7,37.2
1472,387,5339.7,90,166.8,37.5
1473,387,5346.75,90,166.9,37.65
1474,387,5357.85,90,167,37.65
1475,387,5347.6,90,167.15,37.7
1476,387,5341.75,90,167.4,37.8
1477,387,5355.65,90,167.6,37.9
1478,387,5360.15,90,167.8,37.9
1479,387,5351.75,90,168,37.95
1480,387,5320.4,90,168.2,38
1481,387,5332.6,90,168.4,38.1
1482,387,5356.1,90,168.55,38.1
1483,387,5350.95,90,168.6,38.15
1484,387,5331.95,90,168.6,38.25
1485,387,5319.65,90,168.6,38.35
1486,387,5307.7,90,168.65,38.35
1487,387,5294.9,90,168.6,38.4
1488,387,5306.5,90,168.5,38.6
1489,387,5274.1,90,168.4,38.75
1490,387,5274.1,90,168.3,38.8
1491,387,5240,90,168.2,38.7
1492,387,5230.5,90,168.05,38.7
1493,387,5234.1,90,168,38.8
1494,387,5236,90,168,39
1495,387,5262.5,90,167.9,39
1496,374.85,5264.85,90,167.75,39.1
1497,350.55,5244.25,90,167.7,39.15
1498,326.25,5214.85,90,167.6,39.25
1499,301.95,5238.9,90,167.5,39.25
1500,277.65,5240,90,167.4,39.2
1501,253.35,5248.1,90,167.3,39.5
1502,229.05,5252.5,90,167.3,39.7
1503,204.75,5264.7,90,167.25,39.8
1504,180.45,5250,90,167.15,39.8
1505,156.15,5223.4,90,167.15,40
1506,144,5214.25,90,167.1,40.2
1507,144,5252.85,90,166.9,40.5
1508,144,5276.25,90,166.8,40.65
1509,144,5294.1,90,166.7,40.85
1510,144,5319.5,90,166.5,41.25
1511,144,5304.5,90,166.3,41.2
1512,144,5272.7,90,166.1,41
1513,144,5239.9,90,165.9,41
1514,144,5245.45,90,165.7,41.1
1515,144,5248.05,90,165.5,41.3
1516,144,5261.25,90,165.3,41.8
1517,144,5183.05,90,165.2,41.5
1518,144,5098.15,90,165.1,41.05
1519,144,5006.55,90,165,40.45
1520,144,4912.4,90,164.95,39.55
1521,144,4833.7,90,164.85,38.6
1522,144,4790.15,90,164.7,38.1
1523,144,4765.95,90,164.5,37.7
1524,144,4756.7,90,164.3,37.1
1525,144,4738.45,90,164,36.35
1526,144,4697.65,90,163.6,35.25
1527,144,4712.5,90,163.15,34.9
1528,144,4747.1,90,162.65,34.8
1529,144,4781.1,90,162.05,34.9
1530,144,4808.35,90,161.35,35.2
1531,144,4828.85,90,160.55,35.7
1532,144,4825.15,90,159.75,35.9
1533,144,4797.25,90,158.95,35.8
1534,144,4665.65,90,158.15,35.9
1535,144,4578.9,90,157.35,35.95
1536,144,4537,90,156.55,35.95
1537,144,4481.7,90,155.7,35.85
1538,144,4413,90,154.8,35.65
1539,144,4357.1,90,153.95,35.55
1540,144,4302.9,90,153.2,35.55
1541,144,4246.5,90,152.6,35.55
1542,144,4192.45,90,152.05,35.6
1543,144,4140.75,90,151.55,35.7
1544,144,4158.25,90,150.95,35.7
1545,144,4135.55,90,150.4,35.85
1546,144,4072.65,90,149.9,36.15
1547,144,4024.7,90,149.45,36.55
1548,144,3991.7,90,149.05,37.05
1549,144,3957.7,90,148.7,37.35
1550,144,3933.2,90,148.3,37.5
1551,144,3922.1,90,147.8,37.6
1552,144,3887.5,90,147.2,37.55
1553,144,3835.05,90,146.6,37.35
1554,144,3777.15,90,146.1,37.05
1555,144,3731.55,90,145.6,36.75
1556,144,3698.25,90,145.1,36.45
1557,144,3649.85,90,144.55,36.15
1558,144,3586.35,90,143.95,35.85
1559,144,3508.15,90,143.35,35.55
1560,144,3431.55,90,142.75,35.3
1561,144,3356.55,90,142.15,35.1
1562,144,3309.35,90,141.6,35
1563,144,3284.3,90,141,35
1564,144,3261.7,90,140.4,35.2
1565,144,3229.7,90,139.85,35.45
1566,144,3188.3,90,139.35,35.75
1567,144,3153.6,90,138.9,35.95
1568,144,3125.6,90,138.5,36.05
1569,144,3111,90,138.1,36.35
1570,144,3093.6,90,137.75,36.7
1571,144,3073.4,90,137.45,37.1
1572,144,3051.5,90,137.2,37.8
1573,144,3052.05,90,136.95,38.6
1574,144,3094.75,90,136.65,39.4
1575,144,3070.65,90,136.35,39.3
1576,144,3052.5,90,136,39.35
1577,144,3048.2,90,135.65,39.7
1578,144,3028.7,90,135.35,39.7
1579,144,3012.3,90,135.05,39.4
1580,144,2988.4,90,134.8,38.85
1581,144,2976,90,134.55,38.65
1582,144,2977.9,90,134.25,38.55
1583,144,2933.15,90,133.9,38.05
1584,144,2872.05,90,133.5,37.4
1585,144,2882.45,90,133,37.5
1586,144,2895.3,90,132.45,37.45
1587,144,2900.5,90,131.8,37.15
1588,144,2927.1,90,131,37.25
1589,144,2950.3,90,130.2,37.65
1590,144,2957.2,90,129.4,38.5
1591,144,2928.8,90,128.65,39.2
1592,144,2901.25,90,127.95,39
1593,144,2911.35,90,127.35,38.6
1594,144,2894.25,90,126.85,38.45
1595,144,2888.4,90,126.5,38.25
1596,144,2890.1,90,126.3,37.85
1597,144,2872.7,90,126.25,37.35
1598,144,2836.2,90,126.35,36.75
1599,144,2802.75,90,126.45,35.85
1600,144,2785.25,90,126.55,34.5
1601,144,2802.95,90,126.65,33.1
1602,144,2819.7,90,126.75,32.4
1603,144,2817.8,90,126.85,32.25
1604,144,2831.8,90,126.95,31.95
1605,144,2829.25,90,126.95,31.65
1606,144,2810.15,90,126.85,31.35
1607,144,2798.15,90,126.75,31.15
1608,144,2793.25,90,126.65,31.05
1609,144,2781.25,90,126.6,31.05
1610,144,2762.15,90,126.6,31.15
1611,144,2780.95,90,126.6,31.65
1612,144,2766.8,90,126.55,31.7
1613,144,2737.4,90,126.45,31.45
1614,144,2719.75,90,126.3,31.15
1615,144,2707.85,90,126.15,30.95
1616,144,2705.05,90,126.05,30.95
1617,144,2724.45,90,125.95,31.05
1618,144,2730.05,90,125.85,31.1
1619,144,2723.4,90,125.7,31.2
1620,144,2734.9,90,125.5,31.4
1621,144,2700.3,90,125.3,31
1622,144,2682.45,90,125.15,30.95
1623,144,2681.35,90,125.05,31.25
1624,144,2692,90,124.9,32.45
1625,144,2706.05,90,124.75,33.45
1626,144,2720.15,90,124.55,34.15
1627,144,2699.45,90,124.35,34.25
1628,144,2679.95,90,124.15,33.9
1629,144,2708.7,90,123.9,33.9
1630,144,2755.3,90,123.6,34.2
1631,144,2796.95,90,123.25,34.5
1632,144,2841.65,90,122.85,34.7
1633,144,2860.95,90,122.45,34.8
1634,144,2872.95,90,122.1,33.9
1635,144,2886,90,121.75,33.1
1636,144,2882,90,121.45,32.5
1637,144,2895.8,90,121.15,32.4
1638,144,2935.4,90,120.95,33
1639,144,2953.75,90,120.9,33.5
1640,144,2944.35,90,120.9,33.8
1641,144,2928.8,90,121,34.05
1642,144,2907.1,90,121.2,34.25
1643,144,2922.7,90,121.45,34.3
1644,144,2935.5,90,121.8,34.3
1645,144,2933.4,90,122.2,34.9
1646,144,2935.2,90,122.6,35.3
1647,144,2940.9,90,123,35.5
1648,144,2948.2,90,123.3,35.25
1649,144,2957.1,90,123.5,34.55
1650,144,2963.05,90,123.7,33.8
1651,144,2967.25,90,123.85,33.15
1652,144,2973.05,90,123.95,32.55
1653,144,2965.45,90,124,32.1
1654,144,2939.9,90,124,31.75
1655,144,2908.5,90,124,30.85
1656,144,2906.55,90,124,30.25
1657,144,2934.05,90,124,29.95
1658,144,2940.85,90,124,29.9
1659,144,2926.95,90,124,30.1
1660,144,2909.05,90,124,30.4
1661,144,2887.15,90,124,30.8
1662,144,2880.15,90,124,31.15
1663,144,2888.05,90,124,31.45
1664,144,2896.75,90,123.95,31.8
1665,144,2906.25,90,123.85,32.2
1666,144,2909.6,90,123.65,33.1
1667,144,2876.55,90,123.45,33.55
1668,144,2851.55,90,123.25,33.65
1669,144,2868.5,90,123.05,34.15
1670,144,2921.75,90,122.85,34.9
1671,144,2934.38333333333,90,122.65,34.8
1672,144,2884.15,90,122.45,34.05
1673,144,2771.05,90,122.25,32.65
1674,144,2681.03333333333,90,122.133333333333,31.2833333333333
1675,144,2614.1,90,122.1,29.95
1676,144,2541.2,90,122.2,28.05
1677,144,2531.45,90,122.3,26.95
1678,144,2584.85,90,122.4,26.65
1679,144,2601.3,90,122.45,26.1
1680,144,2580.8,90,122.45,25.3
1681,144,2605.36666666667,90,122.45,25
1682,144,2675,90,122.45,25.2
1683,144,2778.85,90,122.4,26.2
1684,144,2849.61666666667,90,122.266666666667,27.2666666666667
1685,144,2886.2,90,122.1,28.35
1686,144,2888.6,90,121.9,29.45
1687,144,2862.6,90,121.7,30.8
1688,144,2789.6,90,121.5,31.6
1689,144,2735.8,90,121.35,32.15
1690,144,2691.75,90,121.2,32.5
1691,144,2652.35,90,121,33
1692,144,2600.55,90,120.8,34
1693,144,2569,90,120.6,34.9
1694,144,2557.7,90,120.4,35.7
1695,144,2570.05,90,120.2,36.45
1696,144,2617.15,90,120,37.15
1697,144,2654.35,90,119.8,37.15
1698,144,2688.85,90,119.55,37.15
1699,144,2720.65,90,119.25,37.15
1700,144,2714.8,90,118.9,37.2
1701,144,2723.9,90,118.55,37.35
1702,144,2765,90,118.15,37.25
1703,144,2787.05,90,117.8,36.9
1704,144,2790.05,90,117.5,36.3
1705,144,2785.9,90,117.2,35.6
1706,144,2763.5,90,116.9,34.8
1707,144,2736.8,90,116.65,34.25
1708,144,2717.2,90,116.5,34.05
1709,144,2686.3,90,116.4,33.95
1710,144,2700.5,90,116.5,34.05
1711,144,2707.2,90,116.75,34.3
1712,144,2708.7,90,117.1,34.15
1713,144,2734.25,90,117.5,33.9
1714,144,2760.9,90,117.95,33.95
1715,144,2774.45,90,118.45,34.15
1716,144,2775.15,90,119.05,34.25
1717,144,2759.3,90,119.6,34.35
1718,144,2726.9,90,120.1,34.45
1719,144,2722.45,90,120.6,34.65
1720,144,2733.95,90,121,34.75
1721,144,2711.65,90,121.4,34.45
1722,144,2707.3,90,121.75,34.3
1723,144,2720.9,90,122.05,34.3
1724,144,2730.3,90,122.3,34.4
1725,144,2735.5,90,122.5,34.6
1726,144,2766.8,90,122.65,35.05
1727,144,2813.95,90,122.85,35.3
1728,144,2839.35,90,123.05,35
1729,144,2842.6,90,123.25,34.8
1730,144,2823.7,90,123.45,34.7
1731,144,2843.25,90,123.55,34.7
1732,144,2847.2,90,123.65,34.8
1733,144,2795.3,90,123.75,35.3
1734,144,2775.4,90,123.85,35.75
1735,144,2787.5,90,123.95,36.15
1736,152.85,2777,90,124,36.35
1737,170.55,2743.9,90,124,36.35
1738,188.25,2745.9,90,124,36.6
1739,205.95,2757.3,90,124,36.6
1740,223.65,2768.1,90,124.1,36.3
1741,241.35,2764.35,90,124.2,36.05
1742,259.05,2746.05,90,124.3,35.85
1743,276.75,2742.85,90,124.45,35.7
1744,294.45,2712,90,124.65,35.7
1745,312.15,2712.5,90,124.85,36
1746,321,2720.85,90,125.1,36.2
1747,321,2737.05,90,125.4,36.3
1748,321,2788.45,90,125.7,36.75
1749,321,2823.6,90,126.05,36.85
1750,321,2852.5,90,126.35,36.65
1751,321,2888.7,90,126.7,36.7
1752,321,2932.2,90,127.1,37
1753,321,2988.9,90,127.55,37.15
1754,321,3062.1,90,128.05,36.95
1755,321,3092.8,90,128.65,36.25
1756,321,3126.4,90,129.3,35.55
1757,321,3162.9,90,130,34.85
1758,321,3159.85,90,130.8,33.95
1759,321,3168.7,90,131.65,33.55
1760,321,3191.2,90,132.45,33.6
1761,321,3216.9,90,133.2,33.5
1762,321,3255.1,90,133.95,33.25
1763,321,3310.5,90,134.65,32.95
1764,321,3331.2,90,135.35,32.75
1765,321,3356.75,90,135.95,32.65
1766,321,3389.3,90,136.45,32.8
1767,321,3427.95,90,136.85,33.45
1768,321,3467.7,90,137.15,34.25
1769,321,3518.3,90,137.25,34.75
1770,321,3578.55,90,137.35,35.15
1771,321,3648.45,90,137.45,35.45
1772,321,3695.4,90,137.5,35.45
1773,321,3719.4,90,137.5,35.15
1774,321,3793.9,90,137.4,34.95
1775,321,3879.35,90,137.3,34.85
1776,321,3903.25,90,137.2,34.65
1777,321,3939.9,90,137.15,34.1
1778,321,3989.3,90,137.15,33.2
1779,321,4027.16666666667,90,137.283333333333,32.3
1780,321,4052.95,90,137.45,31.25
1781,321,4066.65,90,137.65,30.05
1782,321,4113.8,90,137.95,30.9
1783,321,4146.3,90,138.25,31.65
1784,321,4139.3,90,138.55,31.95
1785,321,4126.15,90,138.9,32.35
1786,321,4179.35,90,139.3,33.05
1787,321,4195.55,90,139.75,33.65
1788,321,4198.05,90,140.25,34.45
1789,321,4201.38333333333,90,140.816666666667,35.55
1790,321,4185.8,90,141.4,36.45
1791,321,4151.3,90,142,37.15
1792,321,4103.3,90,142.55,36.05
1793,321,4089.9,90,143.15,35.3
1794,321,4098.35,90,143.85,34.8
1795,321,4095.3,90,144.6,34
1796,321,4086.7,90,145.4,33.05
1797,321,4102.5,90,146.2,32.35
1798,321,4119.9,90,146.95,31.65
1799,321,4138.9,90,147.65,30.95
1800,321,4180.55,90,148.3,30.45
1801,321,4239.45,90,148.95,30.4
1802,321,4287.95,90,149.6,30.4
1803,321,4324.8,90,150.2,30.35
1804,321,4362.75,90,150.7,30.35
1805,321,4394,90,151.15,30.45
1806,321,4412.6,90,151.55,30.5
1807,321,4421.83333333333,90,151.816666666667,30.4333333333333
1808,321,4421.2,90,152,30.2
1809,321,4410.7,90,152.1,29.8
1810,321,4387.35,90,152.25,29.6
1811,321,4356.55,90,152.4,29.35
1812,321,4331,90,152.5,29.1
1813,321,4311.95,90,152.6,28.95
1814,321,4300.6,90,152.7,28.85
1815,321,4304.75,90,152.75,28.75
1816,321,4315.05,90,152.75,28.75
1817,321,4328.21666666667,90,152.783333333333,28.9166666666667
1818,321,4329.85,90,152.8,28.85
1819,321,4319.95,90,152.8,28.55
1820,321,4345.8,90,152.75,28.8
1821,321,4407.4,90,152.65,29.6
1822,321,4418.65,90,152.55,30.55
1823,321,4425.7,90,152.45,31.15
1824,321,4427.35,90,152.35,31.45
1825,321,4406.4,90,152.2,31.7
1826,321,4372.2,90,152,31.8
1827,321,4342.3,90,151.75,31.7
1828,321,4331.1,90,151.5,31.8
1829,321,4337.4,90,151.3,32.2
1830,321,4315.6,90,151.1,32.05
1831,321,4269.95,90,150.9,31.35
1832,321,4273.85,90,150.7,30.45
1833,321,4276.6,90,150.5,29.95
1834,321,4278.2,90,150.3,29.85
1835,321,4305,90,150.2,30.1
1836,321,4357,90,150.2,30.7
1837,321,4211.3,90,150.25,32.2
1838,321,4154.3,90,150.3,33.7
1839,321,4187.2,90,150.3,35.1
1840,321,4229.6,90,150.3,35.8
1841,321,4217.6,90,150.3,36.35
1842,321,4151.2,90,150.3,36.75
1843,321,4096.65,90,150.25,37.05
1844,321,4053.95,90,150.15,37.25
1845,321,3985.65,90,150.05,37
1846,321,3891.75,90,149.95,36.3
1847,321,4045.05,90,149.8,35
1848,321,4159.15,90,149.65,34
1849,321,4169.15,90,149.55,33.2
1850,321,4161.6,90,149.5,32.95
1851,321,4196.15,90,149.5,32.7
1852,321,4270.45,90,149.5,32.6
1853,321,4322.8,90,149.55,32.5
1854,321,4361.7,90,149.65,32.25
1855,321,4415.45,90,149.7,32
1856,321,4475,90,149.7,31.85
1857,321,4472.9,90,149.75,31.45
1858,321,4423.85,90,149.9,31
1859,321,4392.75,90,150.1,30.6
1860,321,4367.85,90,150.3,30.25
1861,321,4349.15,90,150.5,29.95
1862,321,4344.9,90,150.7,29.65
1863,321,4355.1,90,150.9,29.35
1864,321,4361.06666666667,90,151.1,29.2333333333333
1865,321,4362.8,90,151.3,29.3
1866,321,4369.35,90,151.5,29.45
1867,321,4379.65,90,151.8,29.75
1868,321,4390.75,90,152.1,29.85
1869,321,4402.65,90,152.4,29.75
1870,321,4414.25,90,152.65,29.75
1871,321,4425.55,90,152.85,29.85
1872,321,4425.73333333333,90,153.05,29.9166666666667
1873,321,4414.8,90,153.25,29.95
1874,321,4402.93333333333,90,153.45,29.9166666666667
1875,321,4388.8,90,153.65,29.85
1876,321,4372.4,90,153.85,29.75
1877,321,4401.4,90,153.95,29.95
1878,321,4403.9,90,154,30.1
1879,321,4379.9,90,154,30.2
1880,321,4354.55,90,154,30.2
1881,321,4327.85,90,154,30.1
1882,321,4311.76666666667,90,154,30.0333333333333
1883,321,4306.3,90,154,30
1884,321,4317.5,90,154,30.1
1885,321,4346.7,90,154,30.3
1886,321,4366.3,90,154.05,30.45
1887,321,4329.7,90,154.15,30.15
1888,321,4311.4,90,154.3,29.85
1889,321,4311.4,90,154.5,29.55
1890,321,4316.1,90,154.7,29.35
1891,321,4325.5,90,154.9,29.25
1892,321,4332.55,90,155.1,29.15
1893,321,4343.6,90,155.3,29.2
1894,321,4352.6,90,155.5,29.3
1895,321,4331.1,90,155.7,29.15
1896,321,4306.7,90,155.85,28.9
1897,321,4312.85,90,155.9,28.85
1898,321,4335.2,90,155.85,29.05
1899,321,4346.25,90,155.75,29.3
1900,321,4341.15,90,155.65,29.5
1901,321,4356.65,90,155.55,29.8
1902,321,4365,90,155.4,30.05
1903,321,4359.85,90,155.2,30.1
1904,321,4344.1,90,155,30
1905,321,4346.2,90,154.8,30.05
1906,321,4360.2,90,154.55,30.25
1907,321,4352.65,90,154.3,30.3
1908,321,4325.68333333333,90,154.1,30.1666666666667
1909,321,4306.8,90,153.9,30.05
1910,321,4296,90,153.7,29.95
1911,321,4293.8,90,153.6,29.95
1912,321,4290,90,153.55,30.05
1913,321,4284.6,90,153.55,30.25
1914,321,4281.2,90,153.55,30.4
1915,321,4279.8,90,153.55,30.5
1916,321,4292.35,90,153.65,30.6
1917,321,4318.85,90,153.85,30.7
1918,321,4343.86666666667,90,154.05,30.8333333333333
1919,321,4367.4,90,154.25,31
1920,321,4386.9,90,154.5,31
1921,321,4365.1,90,154.7,30.6
1922,321,4356.15,90,154.9,30.35
1923,321,4360.05,90,155.1,30.25
1924,321,4357,90,155.25,30.2
1925,321,4347,90,155.35,30.2
1926,321,4325.25,90,155.4,30.1
1927,321,4291.75,90,155.4,29.9
1928,321,4271.95,90,155.4,29.8
1929,321,4265.85,90,155.4,29.8
1930,321,4260.15,90,155.35,30.05
1931,321,4254.85,90,155.25,30.55
1932,321,4248.5,90,155.2,30.8
1933,321,4241.1,90,155.2,30.8
1934,321,4233,90,155.2,30.75
1935,321,4224.2,90,155.2,30.65
1936,321,4229.95,90,155.2,30.65
1937,321,4250.25,90,155.2,30.75
1938,321,4262.2,90,155.2,30.8
1939,321,4265.8,90,155.2,30.8
1940,321,4278.8,90,155.2,30.8
1941,321,4301.2,90,155.2,30.8
1942,321,4314.5,90,155.1,30.75
1943,321,4318.7,90,154.9,30.65
1944,321,4318.45,90,154.75,30.55
1945,321,4313.75,90,154.65,30.45
1946,321,4313.3,90,154.55,30.45
1947,321,4317.1,90,154.45,30.55
1948,321,4313.7,90,154.35,30.55
1949,321,4303.1,90,154.25,30.45
1950,321,4295.8,90,154.15,30.3
1951,321,4291.8,90,154.05,30.1
1952,321,4294.9,90,154,30.05
1953,321,4305.1,90,154,30.15
1954,321,4317.45,90,154,30.3
1955,321,4331.95,90,154,30.5
1956,321,4329.85,90,154,30.5
1957,321,4311.15,90,154,30.3
1958,321,4300.25,90,154,30.25
1959,321,4297.15,90,154,30.35
1960,321,4289.7,90,153.95,30.4
1961,321,4277.9,90,153.85,30.4
1962,321,4254.1,90,153.8,30.3
1963,321,4218.3,90,153.8,30.1
1964,321,4209.95,90,153.8,30.05
1965,321,4229.05,90,153.8,30.15
1966,321,4222.85,90,153.8,30.45
1967,321,4235.05,90,153.85,30.95
1968,321,4263.45,90,153.95,31.45
1969,321,4287.25,90,154.05,31.8
1970,321,4306.2,90,154.2,32.15
1971,321,4327.4,90,154.45,32.65
1972,321,4358.45,90,154.7,33.3
1973,321,4381.05,90,154.9,34
1974,321,4393.15,90,155.15,34.6
1975,321,4394.75,90,155.45,35.1
1976,324.3,4429.4,90,155.75,35.45
1977,330.9,4453.4,90,156,35.65
1978,337.5,4449.1,90,156.2,35.85
1979,344.1,4449.15,90,156.45,36.1
1980,350.7,4453.55,90,156.75,36.4
1981,357.3,4456.45,90,157.1,36.5
1982,363.9,4462.1,90,157.4,36.6
1983,370.5,4488.8,90,157.7,36.8
1984,377.1,4532.95,90,158.05,37.25
1985,383.7,4561.25,90,158.35,37.6
1986,387,4576.5,90,158.65,37.95
1987,387,4568.6,90,158.95,38.3
1988,387,4555.2,90,159.25,38.5
1989,387,4566.25,90,159.5,38.9
1990,387,4585.85,90,159.8,39.4
1991,387,4581.58333333333,90,160.033333333333,39.5
1992,387,4549.2,90,160.3,39
1993,387,4488.7,90,160.6,37.9
1994,387,4446.4,90,160.9,37.2
1995,387,4412.35,90,161.2,36.35
1996,387,4386.55,90,161.5,35.35
1997,387,4387.55,90,161.85,34.45
1998,387,4415.35,90,162.25,33.65
1999,387,4416.5,90,162.7,32.6
2000,387,4406.9,90,163.1,31.4
2001,387,4428.26666666667,90,163.466666666667,30.85
2002,387,4480.6,90,163.8,30.95
2003,387,4561.1,90,164.1,31.55
2004,387,4602.9,90,164.3,31.45
2005,387,4643.15,90,164.5,31.5
2006,387,4681.85,90,164.7,31.7
2007,387,4701.8,90,164.85,31.9
2008,387,4703,90,164.95,32.1
2009,387,4733.65,90,165,32.35
2010,387,4761.5,90,164.95,32.7
2011,387,4776,90,164.85,32.95
2012,387,4774.8,90,164.75,33.05
2013,387,4760.7,90,164.65,33.15
2014,387,4741.5,90,164.55,33.15
2015,387,4723.3,90,164.45,33.1
2016,387,4703.05,90,164.35,33.2
2017,387,4689.5,90,164.25,33.35
2018,387,4722.4,90,164.05,33.75
2019,387,4709.45,90,163.85,33.95
2020,387,4682.9,90,163.7,33.9
2021,387,4659,90,163.6,33.7
2022,387,4640.1,90,163.5,33.4
2023,387,4657.65,90,163.4,33.25
2024,387,4703.85,90,163.3,33.35
2025,387,4728.45,90,163.2,33.75
2026,387,4752.9,90,163.1,33.9
2027,387,4777.2,90,163,33.8
2028,387,4769.2,90,163,33.5
2029,387,4784.65,90,163,33.5
2030,387,4818.05,90,163,33.65
2031,387,4853.15,90,163,33.85
2032,387,4895.75,90,163,34.25
2033,387,4897.15,90,163,34.45
2034,387,4857.35,90,163,34.45
2035,387,4840.9,90,163,34.25
2036,387,4829.4,90,163,34.2
2037,387,4814,90,163,34.3
2038,387,4787.1,90,163,34.3
2039,387,4781.9,90,163,34.5
2040,387,4779.65,90,163.05,34.6
2041,387,4780.35,90,163.15,34.6
2042,387,4773.55,90,163.25,34.65
2043,387,4776.5,90,163.35,34.9
2044,387,4792.1,90,163.45,35
2045,387,4806.4,90,163.55,35.1
2046,387,4819.4,90,163.65,35.2
2047,387,4840.5,90,163.75,35.25
2048,387,4869.7,90,163.85,35.25
2049,387,4871.25,90,163.95,35
2050,387,4869.4,90,164,34.95
2051,387,4861.4,90,164,34.95
2052,387,4851.9,90,164,34.7
2053,387,4840.5,90,164.1,34.3
2054,387,4857.55,90,164.2,34.3
2055,387,4902.7,90,164.3,34.5
2056,387,4922.2,90,164.4,34.55
2057,387,4915.5,90,164.5,34.5
2058,387,4933.3,90,164.6,34.7
2059,387,4947.95,90,164.75,34.85
2060,387,4959.45,90,164.95,34.95
2061,387,4955.35,90,165.15,34.95
2062,387,4935.65,90,165.35,34.85
2063,387,4935.55,90,165.45,34.7
2064,387,4921.8,90,165.55,34.3
2065,387,4892.45,90,165.6,33.95
2066,387,4901.25,90,165.6,34
2067,387,4937.85,90,165.7,34.2
2068,387,4945.7,90,165.75,34.25
2069,387,4955,90,165.7,34.35
2070,387,4959.7,90,165.65,34.35
2071,387,4975,90,165.65,34.45
2072,387,4985.9,90,165.55,34.55
2073,387,5003.7,90,165.5,34.85
2074,387,5028.4,90,165.5,35.35
2075,387,5029.3,90,165.55,35.6
2076,387,5006.4,90,165.65,35.6
2077,387,4998.8,90,165.65,35.4
2078,387,4980.05,90,165.7,35.15
2079,387,4950.15,90,165.8,34.85
2080,387,4939.45,90,165.85,34.65
2081,387,4947.95,90,165.85,34.55
2082,387,4985.55,90,165.95,34.65
2083,387,5006.15,90,166,34.6
2084,387,4996.45,90,166,34.4
2085,387,4989.1,90,166,34.2
2086,387,4998.2,90,166,34
2087,387,4989.3,90,166,34.05
2088,387,4994.7,90,166,34.15
2089,387,5017.1,90,166,34.3
2090,387,5032.2,90,166,34.5
2091,387,5039.5,90,166,34.7
2092,387,5042.65,90,166,34.9
2093,387,5041.65,90,166,35.1
2094,387,5048.2,90,166,35.35
2095,387,5062.3,90,166,35.65
2096,387,5066.1,90,166,35.45
2097,387,5087.4,90,166,35.7
2098,387,5126.2,90,166,36.4
2099,387,5143.25,90,166,36.75
2100,387,5138.55,90,166,36.75
2101,387,5113,90,166,36.4
2102,387,5068.05,90,166,35.7
2103,387,5053.75,90,165.9,35.5
2104,387,5060.7,90,165.8,35.35
2105,387,5088.9,90,165.7,35.25
2106,387,5113.6,90,165.55,35.55
2107,387,5112.7,90,165.35,35.25
2108,387,5072.3,90,165.15,34.55
2109,387,5060.8,90,164.95,34.2
2110,387,5078.2,90,164.75,34.2
2111,387,5113.3,90,164.55,34.55
2112,387,5166.1,90,164.35,35.25
2113,387,5186.6,90,164.3,35.35
2114,387,5185.8,90,164.3,35.25
2115,387,5175.7,90,164.3,35.15
2116,387,5180.25,90,164.35,35.2
2117,387,5199.45,90,164.45,35.4
2118,387,5237.3,90,164.55,35.5
2119,387,5261.95,90,164.65,35.55
2120,387,5269.85,90,164.75,35.55
2121,387,5280.55,90,164.9,35.55
2122,387,5294.05,90,165.1,35.55
2123,387,5309.6,90,165.25,35.7
2124,387,5327.2,90,165.35,36
2125,387,5334.5,90,165.45,36.1
2126,387,5326.8,90,165.55,36.15
2127,387,5304.1,90,165.65,36.15
2128,387,5291.95,90,165.8,36.15
2129,387,5290.35,90,166,36.15
2130,387,5305.15,90,166.2,36.25
2131,387,5309.9,90,166.35,36.3
2132,387,5304.6,90,166.45,36.3
2133,387,5293.15,90,166.55,36.3
2134,387,5275.55,90,166.65,36.3
2135,387,5257.05,90,166.75,36.2
2136,387,5254.3,90,166.85,36.15
2137,387,5267.3,90,166.95,36.15
2138,387,5278.8,90,167,36.1
2139,387,5288.8,90,167,36
2140,387,5275.9,90,167,35.9
2141,387,5266.6,90,167,35.8
2142,387,5260.9,90,167,35.7
2143,387,5264.55,90,167,35.5
2144,387,5277.55,90,167,35.2
2145,387,5284.9,90,167,35.1
2146,387,5279.2,90,167,34.95
2147,387,5268.9,90,167,34.85
2148,387,5248.25,90,167,34.75
2149,387,5217.25,90,167,34.65
2150,387,5208.8,90,167,34.5
2151,387,5214.1,90,167,34.45
2152,387,5206.35,90,167.05,34.35
2153,387,5176.6,90,167.15,34.2
2154,387,5182.5,90,167.25,34.2
2155,387,5196.05,90,167.3,34.3
2156,387,5217.25,90,167.3,34.5
2157,387,5231.2,90,167.3,34.6
2158,387,5245.25,90,167.3,34.75
2159,387,5268.95,90,167.3,35.05
2160,387,5282.75,90,167.35,35.3
2161,387,5286.65,90,167.45,35.5
2162,387,5309.15,90,167.45,35.75
2163,387,5350.25,90,167.35,36.05
2164,387,5346.85,90,167.25,36.35
2165,387,5338.8,90,167.25,36.4
2166,387,5326.1,90,167.35,36.2
2167,387,5327.85,90,167.45,36.1
2168,387,5344.05,90,167.55,36.1
2169,387,5348.05,90,167.65,36.1
2170,387,5353.95,90,167.7,36.1
2171,387,5361.75,90,167.7,36.1
2172,387,5363.6,90,167.75,36.1
2173,387,5359.5,90,167.85,36.1
2174,387,5344.6,90,167.85,36
2175,387,5335.95,90,167.8,36.1
2176,387,5333.55,90,167.7,36.4
2177,387,5310.3,90,167.6,36.55
2178,387,5266.2,90,167.5,36.55
2179,387,5153,90,167.4,36.35
2180,387,5102.75,90,167.3,36.3
2181,387,5115.45,90,167.2,36.4
2182,387,5139.55,90,167,36.55
2183,387,5166.45,90,166.85,36.7
2184,387,5206.45,90,166.85,36.8
2185,387,5226.75,90,166.85,36.9
2186,387,5227.35,90,166.85,37
2187,387,5253.7,90,166.85,36.95
2188,387,5290.1,90,166.85,37.05
2189,387,5401.9,90,166.85,37.35
2190,387,5436.5,90,166.85,37.5
2191,387,5406.25,90,166.85,37.45
2192,387,5368.85,90,166.95,37.35
2193,387,5332.35,90,167.05,37.35
2194,387,5296.75,90,167.15,37.45
2195,387,5303.15,90,167.25,37.5
2196,387,5320.3,90,167.3,37.55
2197,387,5317.2,90,167.3,37.85
2198,387,5306.9,90,167.3,37.85
2199,387,5291.1,90,167.3,37.8
2200,387,5282,90,167.3,37.8
2201,387,5263.25,90,167.35,37.85
2202,387,5234.85,90,167.45,37.95
2203,387,5252.05,90,167.4,38.1
2204,387,5279.75,90,167.3,38.2
2205,387,5290.85,90,167.2,38.3
2206,387,5258.8,90,167.15,38.45
2207,387,5232.2,90,167.2,38.45
2208,387,5213.7,90,167.3,38.55
2209,387,5200.5,90,167.4,38.5
2210,387,5205.45,90,167.45,38.45
2211,387,5232.55,90,167.4,38.45
2212,387,5266.7,90,167.35,38.4
2213,387,5253.2,90,167.45,38.2
2214,387,5222.7,90,167.55,38.1
2215,387,5183.75,90,167.65,38
2216,387,5194.15,90,167.75,37.8
2217,362.7,5208.65,90,167.8,37.8
2218,338.4,5216.25,90,167.8,37.9
2219,314.1,5218.05,90,167.8,38.1
2220,289.8,5239.8,90,167.85,38.15
2221,265.5,5247.6,90,167.9,38.25
2222,241.2,5256.55,90,167.85,38.5
2223,216.9,5245.95,90,167.75,38.6
2224,192.6,5238.15,90,167.7,38.6
2225,168.3,5224.6,90,167.7,38.6
2226,144,5211.3,90,167.65,38.6
2227,144,5194.9,90,167.55,38.5
2228,144,5180.2,90,167.45,38.5
2229,144,5173.8,90,167.35,38.35
2230,144,5137.1,90,167.25,38.15
2231,144,5093.7,90,167.1,38.05
2232,144,5052.2,90,167,37.85
2233,144,5033.3,90,166.9,37.85
2234,144,5013.1,90,166.65,37.8
2235,144,4991.6,90,166.25,37.7
2236,144,4951.6,90,165.8,37.5
2237,144,4926.8,90,165.35,37.4
2238,144,4923.4,90,164.85,37.3
2239,144,4911.9,90,164.25,37.15
2240,144,4886.4,90,163.6,37.2
2241,144,4857.2,90,163,37.1
2242,144,4817.3,90,162.35,36.9
2243,144,4766.7,90,161.65,36.6
2244,144,4726.6,90,160.85,36.45
2245,144,4696.75,90,160.1,36.45
2246,144,4688.35,90,159.4,36.65
2247,144,4675.3,90,158.65,36.75
2248,144,4657.6,90,157.85,36.75
2249,144,4627.7,90,157.05,37.05
2250,144,4616.65,90,156.25,37.2
2251,144,4624.45,90,155.45,37.2
2252,144,4617.35,90,154.7,37.2
2253,144,4595.35,90,154,37.2
2254,144,4579.45,90,153.5,37.4
2255,144,4556.7,90,153,37.4
2256,144,4527.1,90,152.5,37.2
2257,144,4467.25,90,152.15,36.7
2258,144,4377.15,90,151.95,35.9
2259,144,4311.45,90,151.75,35.4
2260,144,4232.5,90,151.6,35.1
2261,144,4140.3,90,151.5,35
2262,144,4074.05,90,151.3,34.9
2263,144,4033.75,90,151,34.8
2264,144,3989.6,90,150.65,34.5
2265,144,3954.8,90,150.3,34.4
2266,144,3941.2,90,149.8,34.4
2267,144,3935.8,90,149.2,34.65
2268,144,3938.6,90,148.5,35.15
2269,144,3925.95,90,147.85,35.2
2270,144,3910.35,90,147.15,35.1
2271,144,3918.25,90,146.35,34.9
2272,144,3911,90,145.6,34.9
2273,144,3888.6,90,144.9,35.1
2274,144,3839.85,90,144.2,35.15
2275,144,3764.75,90,143.5,35.05
2276,144,3681.75,90,142.9,34.95
2277,144,3619.65,90,142.25,34.9
2278,144,3551.45,90,141.55,35
2279,144,3502.5,90,140.85,35.05
2280,144,3472.8,90,140.15,35.05
2281,144,3420.55,90,139.45,35.05
2282,144,3377.35,90,138.7,34.95
2283,144,3346.2,90,137.95,34.65
2284,144,3331.9,90,137.2,34.3
2285,144,3339.6,90,136.3,34.3
2286,144,3337.1,90,135.5,34.35
2287,144,3324.4,90,134.8,34.45
2288,144,3311.35,90,134.15,34.45
2289,144,3272.05,90,133.5,34.55
2290,144,3214.75,90,132.8,34.85
2291,144,3170,90,132.2,34.95
2292,144,3137.8,90,131.7,34.85
2293,144,3107.65,90,131.2,34.85
2294,144,3079.55,90,130.7,34.95
2295,144,3053.15,90,130.35,34.7
2296,144,3030.35,90,129.95,34.35
2297,144,3001.75,90,129.6,33.9
2298,144,2984.5,90,129.35,33.4
2299,144,2982.4,90,129.1,32.95
2300,144,2987.2,90,128.9,32.45
2301,144,2986.45,90,128.7,32.05
2302,144,2980.15,90,128.5,31.75
2303,144,2977.15,90,128.3,31.4
2304,144,2977.45,90,128.1,31
2305,144,2963.45,90,127.9,30.6
2306,144,2935.15,90,127.7,30.2
2307,144,2921.4,90,127.4,30.05
2308,144,2922.2,90,127,30.15
2309,144,2915.75,90,126.6,30.15
2310,144,2902.05,90,126.2,30.05
2311,144,2885.6,90,125.75,30
2312,144,2866.4,90,125.25,30
2313,144,2850.2,90,124.75,30
2314,144,2837,90,124.25,30
2315,144,2830.9,90,123.75,30.25
2316,144,2831.9,90,123.25,30.75
2317,144,2844.35,90,122.8,31.15
2318,144,2844.05,90,122.35,31.5
2319,144,2849,90,121.9,32.05
2320,144,2859.9,90,121.4,33.05
2321,144,2877.75,90,120.85,33.95
2322,144,2902.55,90,120.25,34.75
2323,144,2925.6,90,119.6,35.4
2324,144,2946.9,90,118.9,35.9
2325,144,2962.7,90,118.15,36.3
2326,144,2937.5,90,117.416666666667,36.1
2327,144,2847.5,90,116.65,35.4
2328,144,2716.9,90,115.9,34.15
2329,144,2633.9,90,115.25,33.35
2330,144,2597.8,90,114.75,32.75
2331,144,2579.7,90,114.45,32.25
2332,144,2579.6,90,114.35,31.85
2333,144,2553.95,90,114.35,31.95
2334,144,2542.4,90,114.45,32.15
2335,144,2557.4,90,114.65,32.15
2336,144,2587.95,90,114.933333333333,32.3
2337,144,2634.05,90,115.3,32.6
2338,144,2739.35,90,115.7,33.15
2339,144,2815.65,90,116.05,32.95
2340,144,2851.75,90,116.4,32.3
2341,144,2868.3,90,116.7,31.85
2342,144,2864.1,90,116.9,31.5
2343,144,2884.3,90,117.1,30.9
2344,144,2874.65,90,117.3,30.4
2345,144,2835.15,90,117.5,30
2346,144,2846.15,90,117.65,30
2347,144,2907.65,90,117.75,30.4
2348,144,2948.15,90,117.85,30.8
2349,144,2967.65,90,117.95,31.2
2350,144,2957.85,90,118,31.85
2351,144,2942.5,90,117.95,32.45
2352,144,2922.8,90,117.85,33.1
2353,144,2893.9,90,117.75,33.5
2354,144,2870.4,90,117.65,33.7
2355,144,2860.2,90,117.55,34.4
2356,144,2837.45,90,117.4,34.75
2357,144,2802.15,90,117.2,34.75
2358,144,2764.91666666667,90,117,34.6
2359,144,2725.75,90,116.8,34.3
2360,144,2704.15,90,116.6,33.3
2361,144,2715.7,90,116.45,33.4
2362,144,2752,90,116.35,32.95
2363,144,2817.9,90,116.25,32.25
2364,144,2868.5,90,116.15,32.05
2365,144,2895.9,90,116.05,31.65
2366,144,2914.05,90,116.05,31.25
2367,144,2922.95,90,116.15,30.85
2368,144,2924.38333333333,90,116.3,30.65
2369,144,2918.35,90,116.5,30.65
2370,144,2930.8,90,116.75,31.4
2371,144,2922.4,90,117.05,31.4
2372,144,2887.05,90,117.35,31.3
2373,144,2824.75,90,117.65,31.1
2374,144,2793.2,90,117.95,31.15
2375,144,2792.4,90,118.25,31.45
2376,144,2782.75,90,118.5,33.25
2377,144,2768.75,90,118.6,34.75
2378,144,2773.1,90,118.6,36.4
2379,144,2795.8,90,118.5,38.2
2380,144,2815.55,90,118.25,39.15
2381,144,2821.65,90,117.95,40.05
2382,144,2824.35,90,117.6,41.5
2383,144,2823.65,90,117.2,43.5
2384,144,2839,90,116.8,44.85
2385,144,2860.25,90,116.35,45.3
2386,144,2905.05,90,115.85,44.1
2387,144,2931.1,90,115.5,42.9
2388,144,2931.15,90,115.25,41.15
2389,144,2918.45,90,115.05,40.05
2390,144,2906.91666666667,90,114.95,39.15
2391,144,2907.25,90,114.85,37.65
2392,144,2923.7,90,114.8,35.95
2393,144,2937.5,90,114.8,34.2
2394,144,2916.4,90,114.8,32.5
2395,144,2886.75,90,114.85,32.15
2396,144,2867.05,90,114.95,33.05
2397,144,2849.6,90,115,34.4
2398,144,2834.4,90,115,36.2
2399,144,2858.6,90,114.9,37.1
2400,144,2861.43333333333,90,114.8,38.5
2401,144,2862.7,90,114.65,40
2402,144,2862.4,90,114.45,41.6
2403,144,2843.3,90,114.25,43.25
2404,144,2829.9,90,114.05,44.95
2405,144,2823.4,90,113.85,45.7
2406,144,2805.3,90,113.65,45.6
2407,144,2849.9,90,113.45,44.45
2408,144,2888.4,90,113.25,43.25
2409,144,2870.4,90,113.15,42.15
2410,144,2832.55,90,113.05,40.7
2411,144,2755.05,90,113,39.3
2412,144,2758.65,90,113,39.6
2413,144,2792.7,90,113.05,39.7
2414,144,2832.7,90,113.15,39.6
2415,144,2864.8,90,113.25,39.45
2416,144,2884.4,90,113.35,39.55
2417,144,2860.2,90,113.45,40.65
2418,144,2861,90,113.55,41.75
2419,144,2878,90,113.65,42.85
2420,144,2905.65,90,113.75,44.2
2421,144,2963.05,90,113.9,45.5
2422,144,2929.45,90,114.1,45.1
2423,144,2910.3,90,114.25,44.3
2424,144,2905.6,90,114.35,43.1
2425,144,2868.85,90,114.4,41.8
2426,144,2804.65,90,114.4,40.1
2427,144,2753.45,90,114.5,39.4
2428,144,2710.65,90,114.5,39.6
2429,144,2677.35,90,114.55,39.9
2430,144,2664.65,90,114.65,40
2431,144,2640.45,90,114.6,39.8
2432,144,2648.15,90,114.5,40.2
2433,144,2639.75,90,114.4,41.05
2434,144,2615.25,90,114.3,42.35
2435,144,2611.8,90,114.25,43.65
2436,144,2634.4,90,114.25,45.25
2437,144,2628.05,90,114.2,45.85
2438,144,2597.35,90,114.3,45.55
2439,144,2607.35,90,114.25,45.55
2440,144,2583.35,90,114.15,44.6166666666667
2441,144,2538.35,90,114.15,43.15
2442,144,2428.95,90,114.15,40.25
2443,144,2350.15,90,114.15,37.7
2444,144,2301.95,90,114.15,35.5
2445,144,2290.15,90,114.15,33.6
2446,144,2277.75,90,114.15,31.7
2447,144,2281.8,90,114.1,30.1
2448,144,2265.95,90,113.95,28.6
2449,144,2172.85,90,113.85,26.8
2450,144,2178.9,90,113.7,26.0333333333333
2451,144,2284.1,90,113.5,26.3
2452,144,2396.65,90,113.25,27.6
2453,144,2450.75,90,112.95,28.8
2454,144,2463.25,90,112.65,29.7
2455,144,2445.95,90,112.3,30.35
2456,144,2430.85,90,111.9,30.75
2457,136.8,2427.05,85.5,111.5,31.2
2458,122.4,2470.9,76.5,111.15,31.9
2459,108,2563.55,67.5,110.85,32.5
2460,93.6,2603.3,58.5,110.6,32.9
2461,79.2,2572.15,49.5,110.4,33.05
2462,64.8,2561.9,40.5,110.25,32.95
2463,50.4,2604.6,31.5,110.15,33.25
2464,36,2637.4,22.5,110.05,33.4
2465,21.6,2648.5,13.5,110,33.35
2466,7.2,2634.95,4.5,110.05,33.55
2467,0,2587.65,0,110.15,33.7
2468,0,2542.2,0,110.2,33.3
2469,0,2497.45,0,110.2,32.7
2470,0,2415.8,0,110.2,32.3
2471,0,2315.25,0,110.2,32.15
2472,0,2229.85,0,110.15,32
2473,0,2127.55,0,110.05,31.2
2474,0,2042.05,0,109.9,30.65
2475,0,1973.35,0,109.7,30.35
2476,0,1926.16666666667,0,109.416666666667,29.8166666666667
2477,0,1900.5,0,109.05,29.05
2478,0,1860.75,0,108.7,28.55
2479,0,1814.85,0,108.3,28.4
2480,0,1800.4,0,107.8,28.2
2481,0,1831.9,0,107.2,27.95
2482,0,1875.3,0,106.55,27.9
2483,0,1875.8,0,105.85,27.95
2484,0,1845.7,0,105.1,27.95
2485,0,1809.65,0,104.3,27.85
2486,0,1765.88333333333,0,103.433333333333,27.6833333333333
2487,0,1726.25,0,102.533333333333,27.3833333333333
2488,0,1690.75,0,101.6,26.95
2489,0,1651.45,0,100.7,26.3
2490,0,1602.6,0,99.75,25.85
2491,0,1529.7,0,98.75,25.6
2492,0,1442.36666666667,0,97.7833333333333,25.2
2493,0,1395.4,0,96.85,24.75
2494,0,1388.8,0,95.95,24.25
2495,0,1408.4,0,95,24.1
2496,0,1454.2,0,94,24.3
2497,0,1483.66666666667,0,93.0333333333333,24.4666666666667
2498,0,1496.8,0,92.1,24.6
2499,0,1493.6,0,91.2,24.7
2500,0,1486.9,0,90.45,24.75
2501,0,1476.7,0,89.85,24.75
2502,0,1465.86666666667,0,89.2833333333333,24.8166666666667
2503,0,1454.4,0,88.75,24.95
2504,0,1442.3,0,88.25,25.15
2505,0,1409.25,0,87.85,25.25
2506,0,1355.25,0,87.55,25.25
2507,0,1314.23333333333,0,87.2833333333333,25.55
2508,0,1286.2,0,87.05,26.15
2509,0,1269.5,0,86.7,26.75
2510,0,1257.05,0,86.2,26.95
2511,0,1248.21666666667,0,85.6666666666667,26.8833333333333
2512,0,1230.51666666667,0,85.1333333333333,26.7833333333333
2513,0,1203.95,0,84.6,26.65
2514,0,1173.18333333333,0,84.0666666666667,26.4833333333333
2515,0,1148.05,0,83.55,26.1
2516,0,1128.55,0,83.05,25.5
2517,0,1110.2,0,82.55,25
2518,0,1093,0,82.05,24.6
2519,0,1076.35,0,81.7,24.4
2520,0,1060.25,0,81.5,24.4
2521,0,1052.48333333333,0,81.3,24.4
2522,0,1053.05,0,81.1,24.4
2523,0,1061.95,0,80.9,24.4
2524,0,1070.81666666667,0,80.7333333333333,24.5166666666667
2525,0,1079.65,0,80.6,24.75
2526,0,1087.45,0,80.5,24.95
2527,0,1095.45,0,80.4,24.85
2528,0,1103.65,0,80.3,24.45
2529,0,1109.4,0,80.2,24.05
2530,0,1112.7,0,80.1,23.65
2531,0,1106.4,0,80.0333333333333,23.3166666666667
2532,0,1103.4,0,79.95,23.05
2533,0,1103.7,0,79.85,22.85
2534,0,1098.06666666667,0,79.75,22.7333333333333
2535,0,1086.5,0,79.65,22.7
2536,0,1070,0,79.55,22.9
2537,0,1055,0,79.5,23.2
2538,0,1041.5,0,79.5,23.6
2539,0,1029.55,0,79.55,24.1
2540,0,1019.15,0,79.65,24.7
2541,0,1018.7,0,79.75,25.3
2542,0,1015.3,0,79.9,25.9
2543,0,1001.45,0,80.1,26.6
2544,0,990.083333333333,0,80.3,27.2666666666667
2545,0,988.5,0,80.55,27.85
2546,0,996.7,0,80.85,28.35
2547,0,1002.5,0,81.1,28.8
2548,0,1005.9,0,81.3,29.2
2549,0,1013.35,0,81.45,29.45
2550,0,1024.85,0,81.55,29.55
2551,0,1024.55,0,81.65,29.75
2552,0,1012.45,0,81.75,30.05
2553,0,1009.2,0,81.9,30.15
2554,0,1014.8,0,82.1,30.05
2555,0,1014.65,0,82.25,29.85
2556,0,1008.75,0,82.35,29.55
2557,0,1002.9,0,82.5,29.45
2558,0,997.1,0,82.7,29.55
2559,0,984.6,0,82.9,29.7
2560,0,965.4,0,83.1,29.9
2561,0,958.8,0,83.25,30.05
2562,0,964.8,0,83.35,30.15
2563,0,959.65,0,83.4,30.3
2564,0,943.35,0,83.4,30.5
2565,0,930.25,0,83.45,30.75
2566,0,920.35,0,83.55,31.05
2567,0,912.8,0,83.6,31.2
2568,0,907.6,0,83.6,31.2
2569,0,908.35,0,83.55,31.2
2570,0,915.05,0,83.45,31.2
2571,0,913.9,0,83.4,31
2572,0,904.9,0,83.4,30.6
2573,0,900.8,0,83.4,30.2
2574,0,901.6,0,83.4,29.8
2575,0,890.7,0,83.35,29.85
2576,0,868.1,0,83.25,30.35
2577,0,862.555555555556,0,83.1666666666667,30.2777777777778
2578,0,854.125,0,83.0625,30.1875
2579,0,843.785714285714,0,83,30.0714285714286
2580,0,830.583333333333,0,83,29.9166666666667
